theaterCode,hallCode,theaterCode,hallName,hallImage,isSeatplan,searchNum
FC000001,01,예술의전당,CJ 토월극장,,false,0
FC000001,02,예술의전당,리사이틀홀,,false,0
FC000001,03,예술의전당,콘서트홀,,false,0
FC000001,04,예술의전당,자유소극장,,false,0
FC000001,05,예술의전당,IBK 챔버홀,,false,0
FC000001,06,예술의전당,오페라극장,,false,0
FC000001,11,예술의전당,신세계스퀘어 야외무대,,false,0
FC000002,01,LG 아트센터,,,false,0
FC000003,01,국립극장,하늘극장,,false,0
FC000003,02,국립극장,별오름극장,,false,0
FC000003,03,국립극장,해오름극장,,false,0
FC000003,04,국립극장,달오름극장,,false,0
FC000005,01,국립극단 [명동],명동예술극장,,false,0
FC000006,01,정동극장,정동극장,,false,0
FC000006,03,정동극장,정동마루,,false,0
FC000008,01,극장용,,,false,0
FC000008,02,국립중앙박물관,대강당,,false,0
FC000009,01,국립국악원,예악당,,false,0
FC000009,02,국립국악원,우면당,,false,0
FC000009,04,국립국악원,풍류사랑방,,false,0
FC000009,05,국립국악원,연희마당,,false,0
FC000009,06,국립국악원,진악당,,false,0
FC000010,01,유니버설아트센터,,,false,0
FC000011,01,디큐브아트센터,디큐브씨어터,,false,80
FC000011,02,디큐브아트센터,스페이스 신도림,,false,0
FC000012,01,샤롯데씨어터,,,true,100
FC000013,01,인천문화예술회관,소공연장,,false,0
FC000013,02,인천문화예술회관,대공연장,,false,0
FC000013,04,인천문화예술회관,야외광장,,false,0
FC000013,05,인천문화예술회관,복합문화공간 (카페 엔드앤드),,false,0
FC000014,01,충무아트센터,소극장 블루,,false,0
FC000014,02,충무아트센터,대공연장,,false,90
FC000014,03,충무아트센터,중극장 블랙,,false,0
FC000014,04,충무아트센터,컨벤션센터,,false,0
FC000016,01,성남아트센터,콘서트홀,,false,0
FC000016,02,성남아트센터,오페라하우스,,false,0
FC000016,03,성남아트센터,앙상블씨어터,,false,0
FC000017,02,경기아트센터,소극장,,false,0
FC000017,03,경기아트센터,대극장,,false,0
FC000017,04,경기아트센터,흥겨운 극장 (국악당),,false,0
FC000017,05,경기아트센터,꿈꾸는컨벤션센터,,false,0
FC000017,06,경기아트센터,행복한대극장,,false,0
FC000017,07,경기아트센터,야외광장,,false,0
FC000018,01,안산문화예술의전당,해돋이극장,,false,0
FC000018,02,안산문화예술의전당,달맞이극장,,false,0
FC000018,03,안산문화예술의전당,별무리극장,,false,0
FC000018,04,안산문화예술의전당,야외공연장,,false,0
FC000019,01,의정부예술의전당,대극장,,false,0
FC000019,02,의정부예술의전당,소극장,,false,0
FC000020,01,세종문화회관,대극장,,false,0
FC000020,02,세종문화회관,세종체임버홀,,false,0
FC000020,03,세종문화회관,M 씨어터,,false,0
FC000020,07,세종문화회관,S 씨어터,,false,0
FC000020,08,세종문화회관,뜨락 (야외공간),,false,0
FC000021,01,안양아트센터,관악홀,,false,0
FC000021,02,안양아트센터,수리홀,,false,0
FC000023,01,인천어린이과학관,강당,,false,0
FC000023,02,인천어린이과학관,야외공연장,,false,0
FC000028,01,강동아트센터,소극장 드림,,false,0
FC000028,02,강동아트센터,대극장 한강,,false,0
FC000028,03,강동아트센터,스튜디오#1,,false,0
FC000028,05,강동아트센터,스튜디오#3,,false,0
FC000028,06,강동아트센터,잔디마당 (바람꽃마당),,false,0
FC000031,01,블루스퀘어,인터파크홀,,false,0
FC000031,02,블루스퀘어,아이마켓홀,,false,0
FC000031,03,블루스퀘어,카오스홀,,false,0
FC000032,01,강북문화예술회관,대공연장,,false,0
FC000036,01,관악문화관,공연장,,false,0
FC000039,01,나루아트센터,소공연장,,false,0
FC000039,02,나루아트센터,대공연장,,false,0
FC000039,03,나루아트센터,갤러리 (전시실),,false,0
FC000040,01,유시어터,,,false,0
FC000046,01,노원문화예술회관,대공연장,,false,0
FC000046,02,노원문화예술회관,소공연장,,false,0
FC000047,01,세라믹팔레스홀,,,false,0
FC000050,01,영주문화예술회관,까치홀,,false,0
FC000052,01,KT&G 상상마당 대치아트홀,대치아트홀,,false,0
FC000055,01,윤당아트홀,1관,,false,0
FC000055,02,윤당아트홀,2관,,false,0
FC000057,01,용인포은아트홀,,,false,0
FC000059,01,영등포아트홀,,,false,0
FC000062,01,백암아트홀,,,false,0
FC000064,01,은평문화예술회관,공연장,,false,0
FC000065,01,한국문화의집 KOUS,,,false,0
FC000068,01,빛고을시민문화관,공연장,,false,0
FC000068,02,빛고을시민문화관,아트스페이스,,false,0
FC000069,01,포스트극장,,,false,0
FC000070,01,호원아트홀,,,false,0
FC000071,02,광명시민회관,대공연장,,false,0
FC000071,03,광명시민회관,전시실,,false,0
FC000071,04,광명시민회관,소공연장,,false,0
FC000073,01,롤링홀,,,false,0
FC000076,01,대전예술의전당,아트홀,,false,0
FC000076,02,대전예술의전당,앙상블홀,,false,0
FC000076,03,대전예술의전당,원형극장,,false,0
FC000079,01,블루라이트 라이브 홀,,,false,0
FC000081,01,울산문화예술회관,대공연장,,false,0
FC000081,02,울산문화예술회관,소공연장,,false,0
FC000081,03,울산문화예술회관,야외공연장,,false,0
FC000084,01,울산북구문화예술회관,공연장,,false,0
FC000090,01,홍대난타극장,,,false,0
FC000091,01,양천문화회관,대극장,,false,0
FC000091,02,양천문화회관,해누리홀,,false,0
FC000091,03,양천문화회관,해바라기홀,,false,0
FC000095,01,하남문화예술회관,검단홀 (대극장),,false,0
FC000095,02,하남문화예술회관,아랑홀 (소극장),,false,0
FC000098,01,CJ 아지트 대학로,,,false,0
FC000099,03,이화여자대학교 김영의홀,,,false,0
FC000100,01,모차르트홀,,,false,0
FC000106,01,경기광주문예회관,대극장,,false,0
FC000106,02,경기광주문예회관,소극장,,false,0
FC000110,01,남한산성아트홀,대극장,,false,0
FC000110,02,남한산성아트홀,소극장,,false,0
FC000113,01,한전아트센터,,,false,0
FC000115,01,영산양재홀,,,false,0
FC000118,01,반석아트홀,,,false,0
FC000118,02,반석아트홀,야외공연장,,false,0
FC000119,01,더케이아트홀,,,false,0
FC000122,01,부천시민회관,대공연장,,false,0
FC000122,02,부천시민회관,소공연장,,false,0
FC000126,01,동서울아트홀,,,false,0
FC000127,01,고양아람누리,아람음악당,,false,0
FC000127,02,고양아람누리,새라새극장,,false,0
FC000127,03,고양아람누리,아람극장,,false,0
FC000127,04,고양아람누리,노루목야외극장,,false,0
FC000127,05,고양아람누리,갤러리누리,,false,0
FC000134,01,양주문화예술회관,소공연장,,false,0
FC000134,02,양주문화예술회관,대공연장 (체육관),,false,0
FC000134,03,양주문화예술회관,야외공연장,,false,0
FC000136,01,수정청소년수련관,공연장,,false,0
FC000137,01,한국예술종합학교,예술소극장,,false,0
FC000137,02,한국예술종합학교,예술극장,,false,0
FC000138,01,성미산마을극장 향,,,false,0
FC000139,01,JTN 아트홀,2관,,false,0
FC000139,02,JTN 아트홀,1관,,false,0
FC000139,03,JTN 아트홀,4관,,false,0
FC000139,04,JTN 아트홀,3관,,false,0
FC000142,01,연천수레울아트홀,소공연장,,false,0
FC000142,02,연천수레울아트홀,대공연장,,false,0
FC000145,01,오산문화예술회관,대공연장,,false,0
FC000145,02,오산문화예술회관,소공연장,,false,0
FC000149,01,시흥시 여성비전센터,대강당,,false,0
FC000152,01,한성아트홀,2관,,false,0
FC000152,02,한성아트홀,1관,,false,0
FC000155,01,잡월드 나래울극장,,,false,0
FC000156,01,능동 어린이회관,무지개극장,,false,0
FC000156,02,능동 어린이회관,이벤트홀,,false,0
FC000158,01,인천중구문화회관,,,false,0
FC000160,01,금정문화회관,대공연장,,false,0
FC000160,02,금정문화회관,소공연장,,false,0
FC000160,03,금정문화회관,야외공연장,,false,0
FC000161,01,민속극장풍류,,,false,0
FC000164,01,동래문화회관,대극장,,false,0
FC000164,02,동래문화회관,소극장,,false,0
FC000164,03,동래문화회관,야외공연장,,false,0
FC000166,01,해남문화예술회관,대공연장,,false,0
FC000166,02,해남문화예술회관,야외공연장,,false,0
FC000167,01,부산문화회관,대극장,,false,0
FC000167,02,부산문화회관,사랑채극장 (소극장),,false,0
FC000167,03,부산문화회관,중극장,,false,0
FC000167,04,부산문화회관,챔버홀,,false,0
FC000168,01,예림당아트홀,,,false,0
FC000170,01,코엑스,아티움,,false,0
FC000170,02,코엑스,아트홀,,false,0
FC000170,03,코엑스,오디토리움,,false,0
FC000170,04,코엑스,컨퍼런스룸 (남),,false,0
FC000170,06,코엑스,K팝 광장 (동문),,false,0
FC000170,07,코엑스,D홀,,false,0
FC000170,08,코엑스,그랜드볼룸,,false,0
FC000170,09,코엑스,Hall C,,false,0
FC000174,01,대전컨벤션센터,컴퍼런스홀,,false,0
FC000174,02,대전컨벤션센터,전시홀 (컨벤션홀),,false,0
FC000175,01,(재)영화의전당,하늘연극장,,false,0
FC000175,02,(재)영화의전당,비프씨어터,,false,0
FC000175,03,(재)영화의전당,인디플러스,,false,0
FC000178,01,을숙도문화회관,대공연장,,false,0
FC000178,02,을숙도문화회관,소공연장,,false,0
FC000180,01,나온씨어터,,,false,0
FC000182,01,예술나눔 터,,,false,0
FC000183,01,웃는얼굴아트센터,청룡홀,,false,0
FC000183,02,웃는얼굴아트센터,와룡홀,,false,0
FC000183,03,웃는얼굴아트센터,야외공연장,,false,0
FC000184,01,암사어린이극장,,,false,0
FC000185,01,상상아트홀 [대전],,,false,0
FC000188,01,한양레퍼토리씨어터,,,false,0
FC000190,01,소리아트홀,1관,,false,0
FC000190,02,소리아트홀,2관,,false,0
FC000190,03,소리아트홀,3관,,false,0
FC000191,01,대구문화예술회관,비슬홀,,false,0
FC000191,02,대구문화예술회관,팔공홀,,false,0
FC000191,03,대구문화예술회관,코오롱야외음악당,,false,0
FC000194,01,경복궁아트홀,,,false,0
FC000195,01,청운예술극장,,,false,0
FC000196,01,대덕문화전당,,,false,0
FC000198,01,경향아트힐,4관,,false,0
FC000198,03,경향아트힐,6관,,false,0
FC000198,04,경향아트힐,1관,,false,0
FC000198,05,경향아트힐,2관,,false,0
FC000198,06,경향아트힐,썬앤문전용관,,false,0
FC000198,07,경향아트힐,5관,,false,0
FC000200,01,봉산문화회관,가온홀,,false,0
FC000200,02,봉산문화회관,스페이스라온,,false,0
FC000201,01,와팝홀,,,false,0
FC000204,01,수성아트피아,용지홀,,false,0
FC000204,02,수성아트피아,무학홀,,false,0
FC000205,01,예스 24 라이브홀,,,false,0
FC000210,01,신촌아트레온,무빙온 (갤러리콘서트홀),,false,0
FC000212,01,예술나무씨어터,,,false,0
FC000213,01,하나투어 브이홀,,,false,0
FC000214,01,남동소래아트홀,스튜디오제비,,false,0
FC000214,05,남동소래아트홀,소래극장,,false,0
FC000215,01,프라임아트홀,,,false,0
FC000216,01,부평아트센터,달누리극장,,false,0
FC000216,02,부평아트센터,해누리극장,,false,0
FC000218,01,도봉구민회관,대강당,,false,0
FC000218,02,도봉구민회관,소공연장,,false,0
FC000219,01,인천수봉문화회관,소극장,,false,0
FC000221,01,파랑새극장,1관,,false,0
FC000221,02,파랑새극장,2관,,false,0
FC000223,01,아트팩토리 청춘,,,false,0
FC000227,01,미마지아트센터,물빛극장,,false,0
FC000227,02,미마지아트센터,풀빛극장 (오아시스극장),,false,0
FC000227,03,미마지아트센터,눈빛극장,,false,0
FC000228,01,창동문화체육센터,공연장,,false,0
FC000233,01,광주문화예술회관,대극장,,false,0
FC000233,02,광주문화예술회관,소극장,,false,0
FC000236,01,광주서구문화센터,,,false,0
FC000238,01,양산문화예술회관,대공연장,,false,0
FC000238,02,양산문화예술회관,소공연장,,false,0
FC000240,01,국립과천과학관,어울림홀,,false,0
FC000241,01,의령군민문화회관,,,false,0
FC000244,01,진해문화센터,공연장,,false,0
FC000244,02,진해문화센터,야외공연장,,false,0
FC000247,01,통영시민문화회관,대극장,,false,0
FC000247,02,통영시민문화회관,소극장,,false,0
FC000248,01,삼일로창고극장,,,false,0
FC000250,01,하동문화예술회관,대공연장,,false,0
FC000250,02,하동문화예술회관,소공연장,,false,0
FC000251,01,중랑구민회관,대공연장,,false,0
FC000251,02,중랑구민회관,소공연장,,false,0
FC000253,01,경성대학교 콘서트홀,,,false,0
FC000255,01,초콜릿팩토리,,,false,0
FC000256,01,레미어린이극장 [부산],,,false,0
FC000257,01,부산예술회관,,,false,0
FC000258,01,미아리고개예술극장,,,false,0
FC000260,01,제주문예회관,대극장,,false,0
FC000260,02,제주문예회관,소극장,,false,0
FC000262,01,제주아트센터,,,false,0
FC000266,01,MBC 드림홀,,,false,0
FC000275,01,신세계 문화홀 [센텀시티],,,false,0
FC000279,01,엑터스토리,,,false,0
FC000282,01,대구학생문화센터,대공연장,,false,0
FC000282,02,대구학생문화센터,소극장,,false,0
FC000282,03,대구학생문화센터,야외공연장,,false,0
FC000287,01,대구어린이회관 꾀꼬리극장,,,false,0
FC000288,01,대구메트로아트센터,아트홀,,false,0
FC000292,01,문화예술전용극장 CT,,,false,0
FC000293,01,대백프라자,프라임홀,,false,0
FC000293,02,대백프라자,레오문화홀,,false,0
FC000296,01,하모니아 아트홀,1관,,false,0
FC000296,02,하모니아 아트홀,2관,,false,0
FC000297,01,송죽씨어터,,,false,0
FC000298,01,아트플러스씨어터,1관,,false,0
FC000298,02,아트플러스씨어터,2관,,false,0
FC000302,01,롯데문화홀[인천],,,false,0
FC000303,01,작은극장 돌체,,,false,0
FC000310,01,검단복지회관,공연장 (대강당),,false,0
FC000320,01,유스퀘어 문화관,금호아트홀,,false,0
FC000320,02,유스퀘어 문화관,동산아트홀,,false,0
FC000323,01,대전평송청소년문화센터,대극장,,false,0
FC000323,02,대전평송청소년문화센터,소극장,,false,0
FC000325,01,인천학생교육문화회관,싸리재홀 (대공연장),,false,0
FC000325,02,인천학생교육문화회관,이든홀 (소공연장),,false,0
FC000331,01,예전아트센터,,,false,0
FC000332,01,평택시북부문예회관,대공연장,,false,0
FC000332,02,평택시북부문예회관,소공연장,,false,0
FC000335,01,달성문화원,,,false,0
FC000336,01,평택시서부문예회관,대공연장,,false,0
FC000336,02,평택시서부문예회관,소공연장,,false,0
FC000342,01,대구청소년수련원,대극장,,false,0
FC000345,01,강릉단오제전수교육관,공연장,,false,0
FC000352,01,광주광역시 청소년수련원,예술회관,,false,0
FC000353,01,가나의집열림홀,,,false,0
FC000355,01,삼척문화예술회관,대공연장,,false,0
FC000355,02,삼척문화예술회관,소공연장,,false,0
FC000355,03,삼척문화예술회관,야외공연장,,false,0
FC000358,01,속초문화예술회관,대공연장,,false,0
FC000358,02,속초문화예술회관,소공연장,,false,0
FC000360,02,라이브 썸데이즈홀,,,false,0
FC000360,03,이수아트홀 [대전],,,false,0
FC000362,01,선돌극장,,,false,0
FC000365,01,원주치악예술관,,,false,0
FC000371,01,춘천문화예술회관,공연장,,false,0
FC000372,01,아티스탄홀,,,false,0
FC000375,01,태백문화예술회관,대공연장,,false,0
FC000375,02,태백문화예술회관,소공연장,,false,0
FC000375,03,태백문화예술회관,야외공연장,,false,0
FC000380,01,KBS 홀,,,false,0
FC000382,01,티오엠씨어터,1관,,false,0
FC000382,02,티오엠씨어터,2관,,false,0
FC000382,03,티오엠씨어터,연습실A,,false,0
FC000383,01,시네코아 쉐프 전용관,,,false,0
FC000384,01,영산아트홀,,,false,0
FC000388,01,동숭아트센터,소극장,,false,0
FC000388,02,동숭아트센터,동숭홀,,false,0
FC000388,03,동숭아트센터,꼭두소극장,,false,0
FC000389,01,대학로스타시티,콘텐츠룸,,false,0
FC000389,02,대학로스타시티,타이니앨리스,,false,0
FC000389,03,대학로스타시티,후암스테이지 1관,,false,0
FC000389,04,대학로스타시티,후암스튜디오,,false,0
FC000394,01,봄내극장,,,false,0
FC000396,01,제주관광대학교컨벤션홀,,,false,0
FC000398,01,제주대학교 아라뮤즈홀,,,false,0
FC000400,01,증평문화회관,대강당,,false,0
FC000402,01,두산아트센터,Space111,,false,0
FC000402,02,두산아트센터,연강홀,,false,60
FC000402,03,두산아트센터,로비,,false,0
FC000403,01,청주예술의전당,대공연장,,false,0
FC000403,03,청주예술의전당,소공연장,,false,0
FC000405,01,충주시문화회관,,,false,0
FC000406,01,칠암도서관,공연장,,false,0
FC000407,01,호암예술관,,,false,0
FC000408,01,하늘바람소극장,,,false,0
FC000412,01,계룡문화예술의전당,대공연장,,false,0
FC000412,02,계룡문화예술의전당,소공연장 (다목적홀),,false,0
FC000415,01,공주문예회관,대공연장,,false,0
FC000415,02,공주문예회관,소공연장,,false,0
FC000416,01,소극장 알과핵,,,false,0
FC000417,01,롯데호텔 [부산],아트홀,,false,0
FC000417,03,롯데호텔 [부산],크리스탈볼룸,,false,0
FC000417,04,롯데호텔 [부산],6 층 실내ㆍ야외 수영장,,false,0
FC000418,01,금산다락원 생명의집,대공연장,,false,0
FC000418,02,금산다락원 생명의집,소공연장,,false,0
FC000419,01,마당세실극장,,,false,0
FC000420,01,5.18 기념문화센터,민주홀,,false,0
FC000420,02,5.18 기념문화센터,대동홀,,false,0
FC000422,01,종로구민회관,강당,,false,0
FC000424,01,당진문예의전당,대공연장,,false,0
FC000424,02,당진문예의전당,소공연장,,false,0
FC000424,03,당진문예의전당,야외공연장,,false,0
FC000426,01,보령문화문예술회관,대공연장,,false,0
FC000426,02,보령문화문예술회관,소공연장,,false,0
FC000428,01,부여국악의전당,,,false,0
FC000429,01,서산시문화회관,대공연장,,false,0
FC000429,02,서산시문화회관,소공연장,,false,0
FC000430,01,궁동예술극장,,,false,0
FC000431,01,서천문예의전당,대공연장,,false,0
FC000431,02,서천문예의전당,소공연장,,false,0
FC000433,01,세종문화예술회관,,,false,0
FC000435,01,예산문예회관,,,false,0
FC000437,01,천안시시민문화여성회관 성환분관,대공연장,,false,0
FC000437,02,천안시시민문화여성회관 성환분관,소공연장,,false,0
FC000439,01,천안시시민문화여성회관 신부분관,대강당,,false,0
FC000439,02,천안시시민문화여성회관 신부분관,소강당,,false,0
FC000441,01,청양문예회관,대공연장,,false,0
FC000441,02,청양문예회관,소공연장,,false,0
FC000443,01,태안문화예술회관,대공연장,,false,0
FC000443,02,태안문화예술회관,소강당,,false,0
FC000445,02,홍주문화회관,대공연장,,false,0
FC000445,03,홍주문화회관,소공연장,,false,0
FC000447,01,군산예술의전당,대공연장,,false,0
FC000447,02,군산예술의전당,소공연장,,false,0
FC000449,01,김제문화예술회관,소공연장,,false,0
FC000449,02,김제문화예술회관,대공연장,,false,0
FC000453,02,봄날아트홀,2관 (지하 2층),,false,0
FC000453,03,봄날아트홀,1관 (지하 1층),,false,0
FC000455,01,부안예술회관,공연장,,false,0
FC000459,01,충청북도학생교육문화원,대공연장,,false,0
FC000459,02,충청북도학생교육문화원,소공연장,,false,0
FC000461,01,북촌아트홀,,,false,0
FC000463,01,솜리문화예술회관,중공연장,,false,0
FC000463,02,솜리문화예술회관,소공연장,,false,0
FC000468,01,대전중구문화원,뿌리홀,,false,0
FC000469,01,전북대학교 삼성문화회관,대공연장,,false,0
FC000469,02,전북대학교 삼성문화회관,건지아트홀,,false,0
FC000470,01,대전가톨릭문화회관,아트홀,,false,0
FC000471,01,정읍사예술회관,,,false,0
FC000472,01,우송예술회관,,,false,0
FC000474,01,천안시청 봉서홀,,,false,0
FC000475,01,춘향문화예술회관,대공연장,,false,0
FC000475,02,춘향문화예술회관,소공연장,,false,0
FC000477,01,한국소리문화의전당,야외공연장,,false,0
FC000477,02,한국소리문화의전당,모악당,,false,0
FC000477,03,한국소리문화의전당,명인홀,,false,0
FC000477,04,한국소리문화의전당,연지홀,,false,0
FC000477,05,한국소리문화의전당,국제회의장,,false,0
FC000477,06,한국소리문화의전당,중정,,false,0
FC000477,07,한국소리문화의전당,전시장 옥상,,false,0
FC000479,01,전북예술회관,대공연장,,false,0
FC000481,01,강진아트홀,대공연장,,false,0
FC000481,02,강진아트홀,소공연장,,false,0
FC000484,01,진영한빛도서관,공연장,,false,0
FC000485,01,나주문화예술회관,,,false,0
FC000487,01,담양문화회관,대공연장,,false,0
FC000487,02,담양문화회관,소공연장,,false,0
FC000488,01,소극장 축제,,,false,0
FC000491,01,목포시민문화체육센터,대공연장,,false,0
FC000491,02,목포시민문화체육센터,소공연장,,false,0
FC000491,03,목포시민문화체육센터,야외공연장,,false,0
FC000493,01,순천문화예술회관,대극장,,false,0
FC000493,02,순천문화예술회관,소극장,,false,0
FC000497,01,부산시민회관,대극장,,false,0
FC000497,02,부산시민회관,소극장,,false,0
FC000506,01,진남문예회관,,,false,0
FC000509,01,진도향토문화회관,대공연장,,false,0
FC000515,01,경산시민회관,대강당,,false,0
FC000516,01,열린극장,,,false,0
FC000517,01,경주예술의전당,대공연장 (화랑홀),,false,0
FC000517,02,경주예술의전당,소공연장 (원화홀),,false,0
FC000517,04,경주예술의전당,야외공연장,,false,0
FC000518,01,구미시문화예술회관,대공연장,,false,0
FC000518,02,구미시문화예술회관,소공연장,,false,0
FC000518,03,구미시문화예술회관,야외공연장,,false,0
FC000521,01,강원대학교,백령아트센터,,false,0
FC000525,01,문경문화예술회관,대공연장,,false,0
FC000525,02,문경문화예술회관,문희아트홀,,false,0
FC000526,01,연우소극장,,,false,0
FC000528,01,동덕여대공연예술센터,코튼홀,,false,0
FC000529,01,상주문화회관,대공연장,,false,0
FC000529,02,상주문화회관,소공연장,,false,0
FC000537,01,안동문화예술의전당,웅부홀,,false,0
FC000537,02,안동문화예술의전당,백조홀,,false,0
FC000543,01,한중문화관,공연장,,false,0
FC000546,01,영천시민회관,스타홀,,false,0
FC000548,01,예주문화예술회관,,,false,0
FC000550,01,수원청소년문화센터,은하수홀,,false,0
FC000550,02,수원청소년문화센터,온누리아트홀,,false,0
FC000556,01,울진문화예술회관,,,false,0
FC000558,02,북촌나래홀,,,false,0
FC000559,01,인제하늘내린센터,대극장,,false,0
FC000559,02,인제하늘내린센터,소극장,,false,0
FC000562,01,포항시립중앙아트홀,,,false,0
FC000564,01,복사골문화센터,아트홀,,false,0
FC000564,02,복사골문화센터,판타지아공연장,,false,0
FC000566,01,대구오페라하우스,,,false,0
FC000566,02,대구오페라하우스,별관 카메라타,,false,0
FC000567,01,꿈의숲아트센터,퍼포먼스홀,,false,0
FC000567,02,꿈의숲아트센터,콘서트홀,,false,0
FC000568,01,남산골한옥마을,서울남산국악당,,false,0
FC000568,02,남산골한옥마을,민씨가옥,,false,0
FC000568,03,남산골한옥마을,천우각무대,,false,0
FC000568,04,남산골한옥마을,일대,,false,0
FC000570,01,동국대학교,이해랑예술극장,,false,0
FC000573,01,한국의집,민속극장,,false,0
FC000573,02,한국의집,중정마당,,false,0
FC000576,01,NH 아트홀 판타스틱 전용관,,,false,0
FC000577,01,정보소극장,,,false,0
FC000578,01,사천문화예술회관,대공연장,,false,0
FC000578,02,사천문화예술회관,소공연장,,false,0
FC000580,01,명동난타극장,,,false,0
FC000581,01,안성남사당공연장,공연장,,false,0
FC000581,02,안성남사당공연장,야외공연장,,false,0
FC000584,01,함안문화예술회관,,,false,0
FC000585,01,함양문화예술회관,대공연장,,false,0
FC000585,02,함양문화예술회관,소공연장,,false,0
FC000586,01,합천군문화예술회관,대공연장,,false,0
FC000591,01,청춘나비아트홀,,,false,0
FC000600,01,문학시어터,,,false,0
FC000603,01,동구청소년수련관,공연장,,false,0
FC000610,01,광주학생교육문화회관,공연장,,false,0
FC000611,01,소극장 마당 [대전],,,false,0
FC000612,01,포천반월아트홀,대극장,,false,0
FC000612,02,포천반월아트홀,소극장,,false,0
FC000613,01,유앤아이센터,화성아트홀,,false,0
FC000616,02,대전서구문화원,공연장 (아트홀),,false,0
FC000617,01,갤러리아 [타임월드],공연장,,false,0
FC000621,01,소극장 커튼콜,,,false,0
FC000623,01,소극장 고도,,,false,0
FC000627,01,현대백화점 문화홀 [울산],,,false,0
FC000629,01,CK 아트홀,,,false,0
FC000642,01,동두천시민회관,,,false,0
FC000643,01,오정아트홀,,,false,0
FC000649,01,장안구민회관 한누리아트홀,,,false,0
FC000653,01,KPU 아트센터,,,false,0
FC000662,01,세종국악당,,,false,0
FC000664,01,용인문화예술원,마루홀,,false,0
FC000666,01,문산행복센터,대공연장,,false,0
FC000666,02,문산행복센터,소공연장,,false,0
FC000667,01,파주시민회관,대공연장,,false,0
FC000667,02,파주시민회관,소공연장,,false,0
FC000667,03,파주시민회관,야외공연장,,false,0
FC000676,01,원주백운아트홀,,,false,0
FC000678,01,축제극장 몸짓,,,false,0
FC000680,01,춘천인형극장,대극장,,false,0
FC000680,02,춘천인형극장,야외무대,,false,0
FC000680,03,춘천인형극장,코코극장,,false,0
FC000680,04,춘천인형극장,바우극장,,false,0
FC000680,05,춘천인형극장,하늘극장,,false,0
FC000688,01,아산시청 시민홀,,,false,0
FC000692,01,충남학생교육문화원,대공연장,,false,0
FC000692,02,충남학생교육문화원,소공연장,,false,0
FC000711,01,김해 장유문화센터,공연장,,false,0
FC000714,01,현장아트홀,,,false,0
FC000719,01,함안문화원,대공연장,,false,0
FC000719,02,함안문화원,다목적홀,,false,0
FC000724,01,한라아트홀,대극장,,false,0
FC000724,02,한라아트홀,다목적홀,,false,0
FC000724,03,한라아트홀,소극장,,false,0
FC000730,01,국립부산국악원,연악당,,false,0
FC000730,02,국립부산국악원,예지당,,false,0
FC000736,01,올래홀,,,false,0
FC000738,01,부암아트홀,,,false,0
FC000741,01,윈씨어터,,,false,0
FC000742,01,고흥문화회관,김연수실,,false,0
FC000742,02,고흥문화회관,송순섭실,,false,0
FC000743,01,광양시문화예술회관,대공연장,,false,0
FC000743,02,광양시문화예술회관,소공연장,,false,0
FC000744,01,학전,블루소극장,,false,0
FC000746,01,동해문화예술회관,대극장,,false,0
FC000746,02,동해문화예술회관,소극장,,false,0
FC000746,03,동해문화예술회관,야외공연장,,false,0
FC000749,01,파랑씨어터,,,false,0
FC000751,01,영월군문화예술회관,,,false,0
FC000752,01,드림아트홀,,,false,0
FC000757,01,난계국악당,,,false,0
FC000760,01,옥천문화예술회관,,,false,0
FC000761,01,음성문화예술회관,대공연장,,false,0
FC000762,01,제천시문화회관,대강당,,false,0
FC000763,01,상명아트홀,1관,,false,0
FC000763,02,상명아트홀,2관,,false,0
FC000769,01,대학로 마로니에소극장,,,false,0
FC000773,01,예술극장 나무와물,,,false,0
FC000774,01,대학로단막극장,,,false,0
FC000780,01,광주북구청소년수련관,상상마루,,false,0
FC000783,01,구로아트밸리,예술극장,,false,0
FC000784,01,금나래아트홀,,,false,0
FC000785,01,대학로자유극장,,,false,0
FC000787,01,강남구민회관,강당,,false,0
FC000788,01,마포아트센터,아트홀맥,,false,0
FC000788,02,마포아트센터,플레이맥,,false,0
FC000788,06,마포아트센터,스튜디오 3,,false,0
FC000790,01,창녕문화예술회관,대공연장,,false,0
FC000790,02,창녕문화예술회관,소공연장,,false,0
FC000790,03,창녕문화예술회관,야외공연장,,false,0
FC000791,01,라트어린이극장,,,false,0
FC000793,01,용산아트홀,대극장 미르,,false,0
FC000793,02,용산아트홀,소극장 가람,,false,0
FC000794,01,세우아트센터,1관,,false,0
FC000794,02,세우아트센터,2관,,false,0
FC000797,01,63 아트홀,,,false,0
FC000798,01,산울림소극장,,,false,0
FC000800,01,강서구민회관,우장홀,,false,0
FC000800,02,강서구민회관,노을극장,,false,0
FC000802,01,가톨릭청년회관,CY 씨어터 (다리소극장),,false,0
FC000804,01,가평문화예술회관,대공연장,,false,0
FC000804,02,가평문화예술회관,야외공연장,,false,0
FC000806,01,틴틴홀,,,false,0
FC000808,01,과천시민회관,대극장,,false,0
FC000808,02,과천시민회관,소극장,,false,0
FC000810,01,흰물결아트센터,화이트홀,,false,0
FC000810,02,흰물결아트센터,아트홀,,false,0
FC000810,03,흰물결아트센터,예술극장,,false,0
FC000811,01,SCC홀,공연장,,false,0
FC000815,01,M 극장,,,false,0
FC000817,01,삼청각,일화당,,false,0
FC000819,01,고양어울림누리,별모래극장,,false,0
FC000819,03,고양어울림누리,꽃메야외극장,,false,0
FC000819,2,고양어울림누리,어울림극장,,false,0
FC000823,01,용인시문화예술회관,처인홀,,false,0
FC000824,01,이천아트홀,대공연장,,false,0
FC000824,02,이천아트홀,소공연장,,false,0
FC000825,01,피카소소극장,1관,,false,0
FC000826,01,예울마루,대극장,,false,0
FC000826,02,예울마루,소극장,,false,0
FC000827,01,부산북구문화빙상센터,공연장,,false,0
FC000828,01,영도문화예술회관,대공연장 (봉래홀),,false,0
FC000828,02,영도문화예술회관,소공연장 (절영홀),,false,0
FC000828,03,영도문화예술회관,학여울마당,,false,0
FC000832,01,해운대문화회관,해운홀,,false,0
FC000832,02,해운대문화회관,고운홀,,false,0
FC000833,01,대학로아트원씨어터,1관,,false,45
FC000833,02,대학로아트원씨어터,2관,,false,0
FC000833,03,대학로아트원씨어터,3관,,false,0
FC000835,01,강동어린이회관,아이누리홀,,false,0
FC000836,01,대구서구문화회관,공연장,,false,0
FC000836,02,대구서구문화회관,야외공연장,,false,0
FC000838,01,가온아트홀 [부산],1관,,false,0
FC000838,02,가온아트홀 [부산],2관,,false,0
FC000840,01,계양문화회관,대공연장,,false,0
FC000841,01,콘텐츠박스,,,false,0
FC000842,01,엠팟홀,,,false,0
FC000845,01,인천서구문화회관,대공연장,,false,0
FC000845,03,인천서구문화회관,소공연장,,false,0
FC000847,01,신한카드 판스퀘어,라이브홀,,false,0
FC000847,02,신한카드 판스퀘어,드림홀,,false,0
FC000849,01,광산문화예술회관,대극장,,false,0
FC000850,01,구로구민회관,,,false,0
FC000853,01,부산민주공원 공연장,큰방 (중극장),,false,0
FC000853,02,부산민주공원 공연장,작은방 (소극장),,false,0
FC000854,01,거제시청소년수련관,공연장,,false,0
FC000857,01,아회아트홀,,,false,0
FC000858,01,한울림소극장,,,false,0
FC000859,01,우전소극장,,,false,0
FC000860,01,우봉아트홀,,,false,0
FC000863,01,경북고령대가야문화누리,대공연장,,false,0
FC000863,02,경북고령대가야문화누리,소공연장,,false,0
FC000863,03,경북고령대가야문화누리,야외공연장,,false,0
FC000867,01,서라벌문화회관,,,false,0
FC000868,01,성주문화예술회관,대공연장,,false,0
FC000871,01,안동시청 대동관,영남홀 (대공연장),,false,0
FC000871,02,안동시청 대동관,낙동홀 (소공연장),,false,0
FC000872,01,용천지랄소극장,,,false,0
FC000874,01,칠곡군교육문화회관,대공연장,,false,0
FC000874,02,칠곡군교육문화회관,소공연장,,false,0
FC000874,04,칠곡군교육문화회관,야외공연장,,false,0
FC000877,01,3.15 아트센터,대극장,,false,0
FC000877,02,3.15 아트센터,소극장,,false,0
FC000878,01,거제문화예술회관,대극장,,false,0
FC000878,02,거제문화예술회관,소극장,,false,0
FC000878,03,거제문화예술회관,야외공연장,,false,0
FC000879,01,거창문화센터,공연장,,false,0
FC000879,02,거창문화센터,야외공연장,,false,0
FC000881,01,고성문화체육센터,,,false,0
FC000883,01,명보아트홀,하람홀,,false,0
FC000883,02,명보아트홀,다온홀,,false,0
FC000883,03,명보아트홀,가온홀,,false,0
FC000883,04,명보아트홀,라온홀,,false,0
FC000885,01,성산아트홀,대극장,,false,0
FC000885,03,성산아트홀,소극장,,false,0
FC000887,01,소극장 품,,,false,0
FC000890,01,롯데백화점 [구리],아동극장,,false,0
FC000895,01,수원시민회관,대강당,,false,0
FC000897,01,시흥시평생학습센터,대공연장,,false,0
FC000906,01,씨어터 제이,,,false,0
FC000908,01,아산시 평생학습관,대극장,,false,0
FC000908,03,아산시 평생학습관,야외공연장,,false,0
FC000915,01,김정문화회관,,,false,0
FC000918,02,제주특별자치도 설문대여성문화센터,공연장,,false,0
FC000923,01,정선문화예술회관,,,false,0
FC000924,01,고창문화의전당,공연장,,false,0
FC000926,01,KBS 수원아트홀,,,false,0
FC000930,01,남산예술센터,드라마센터,,false,0
FC000934,01,평택시남부문예회관,대공연장,,false,0
FC000934,02,평택시남부문예회관,소공연장,,false,0
FC000939,01,전주 덕진예술회관,덕진예술회관,,false,0
FC000949,01,문화공간 새벽,,,false,0
FC001066,01,북촌창우극장,,,false,0
FC001073,01,JH 아트홀,,,false,0
FC001074,01,KBS 홀 [부산],,,false,0
FC001075,01,KNN 씨어터,,,false,0
FC001076,01,청주 MBC 아이홀씨어터,,,false,0
FC001077,01,강남아트홀,1관,,false,0
FC001077,02,강남아트홀,2관,,false,0
FC001080,01,건국대학교 새천년관,대공연장,,false,0
FC001081,01,경주세계문화엑스포,문화센터공연장,,false,0
FC001081,02,경주세계문화엑스포,백결공연장,,false,0
FC001081,03,경주세계문화엑스포,일대,,false,0
FC001083,01,광주아트홀,공연장,,false,0
FC001085,01,소극장 혜화당,,,false,0
FC001087,01,동양예술극장,1관 (네모극장),,false,0
FC001087,02,동양예술극장,3관 (세모극장),,false,0
FC001087,03,동양예술극장,2관 (동그라미극장),,false,0
FC001091,01,대학로 스카이씨어터,1관,,false,0
FC001091,02,대학로 스카이씨어터,2관,,false,0
FC001092,01,아름다운극장,,,false,0
FC001093,01,예술공간 유비누리 앱질 전용관,,,false,0
FC001094,01,예술공간 혜화,,,false,0
FC001095,03,내유외강씨어터,,,false,0
FC001099,01,댕로홀,,,false,0
FC001102,01,라이프 씨어터,,,false,0
FC001105,01,맛있는 극장,,,false,0
FC001106,01,메가폴리스아트홀,,,false,0
FC001107,01,한국방송회관 코바코홀,,,false,0
FC001108,01,김천시문화예술회관,대공연장,,false,0
FC001108,02,김천시문화예술회관,소공연장,,false,0
FC001108,03,김천시문화예술회관,야외공연장,,false,0
FC001111,01,국립극단 [용산],백성희장민호극장,,false,0
FC001111,02,국립극단 [용산],소극장판,,false,0
FC001111,03,국립극단 [용산],등나무,,false,0
FC001111,06,국립극단 [용산],스튜디오하나,,false,0
FC001117,01,SJ 비보이극장,,,false,0
FC001119,01,삼형제극장,,,false,0
FC001121,01,대학로 아트홀 1관,,,false,0
FC001125,01,정동세실극장,,,false,0
FC001127,01,소극장 다르게놀자,,,false,0
FC001129,01,문화영토 소극장판 [전주],,,false,0
FC001130,01,소나무극장,,,false,0
FC001131,01,소월아트홀,,,false,0
FC001132,01,스튜디오 76,,,false,0
FC001134,01,아신극장,1관,,false,0
FC001134,02,아신극장,2관,,false,0
FC001137,01,아트씨어터 문 (안톤체홉극장),,,false,0
FC001140,01,에저또소극장 [부산],,,false,0
FC001141,01,연극실험실 혜화동 1번지,,,false,0
FC001142,01,R&J 씨어터,,,false,0
FC001143,01,예술공간 서울,,,false,0
FC001144,01,예술공간 오르다,,,false,0
FC001145,01,예술극장 통,,,false,0
FC001149,01,우리네 극장,,,false,0
FC001156,01,지즐소극장,,,false,0
FC001157,01,가온아트홀 [창원],,,false,0
FC001160,01,푸른달극장,,,false,0
FC001162,01,한결아트홀,,,false,0
FC001166,01,현대예술관,대공연장,,false,0
FC001166,02,현대예술관,소공연장,,false,0
FC001167,01,군포문화예술회관,수리홀,,false,0
FC001167,02,군포문화예술회관,철쭉홀,,false,0
FC001167,04,군포문화예술회관,야외공연장,,false,0
FC001169,01,아양아트센터,아양홀,,false,0
FC001169,02,아양아트센터,야외공연장,,false,0
FC001170,01,김해문화의전당,누리홀,,false,0
FC001170,02,김해문화의전당,마루홀,,false,0
FC001170,03,김해문화의전당,애두름마당,,false,0
FC001172,01,M 시어터,,,false,0
FC001173,01,성수아트홀,,,false,0
FC001174,01,바탕골소극장,,,false,0
FC001176,01,한얼소극장,,,false,0
FC001177,01,광화문아트홀,,,false,0
FC001178,01,어울아트센터,함지홀,,false,0
FC001178,02,어울아트센터,오봉홀,,false,0
FC001179,01,울주문화예술회관,,,false,0
FC001180,01,고양시문예회관,,,false,0
FC001181,01,양평군민회관,,,false,0
FC001182,01,논산문화예술회관,대공연장,,false,0
FC001182,02,논산문화예술회관,소공연장,,false,0
FC001185,01,목포문화예술회관,,,false,0
FC001187,01,장흥문화예술회관,대공연장,,false,0
FC001187,02,장흥문화예술회관,소공연장,,false,0
FC001191,01,포항문화예술회관,대공연장,,false,0
FC001191,02,포항문화예술회관,소공연장,,false,0
FC001191,03,포항문화예술회관,야외공연장,,false,0
FC001193,01,대구콘서트하우스,그랜드홀,,false,0
FC001193,02,대구콘서트하우스,챔버홀,,false,0
FC001193,03,대구콘서트하우스,로비 및 야외,,false,0
FC001196,01,구리아트홀,코스모스대극장,,false,0
FC001196,02,구리아트홀,유채꽃소극장,,false,0
FC001196,03,구리아트홀,빛의 마루,,false,0
FC001196,04,구리아트홀,스튜디오 D,,false,0
FC001198,01,통진두레문화센터,두레홀,,false,0
FC001199,01,콘텐츠 그라운드,,,false,0
FC001200,01,부산메트로홀,,,false,0
FC001201,01,서완소극장,,,false,0
FC001202,01,낙산씨어터,,,false,0
FC001203,01,동숭무대소극장,,,false,0
FC001204,01,달빛극장,,,false,0
FC001205,01,KT 체임버홀,,,false,0
FC001206,01,명작극장,,,false,0
FC001206,02,명작극장,1관,,false,0
FC001206,03,명작극장,2관,,false,0
FC001207,01,컬쳐씨어터,,,false,0
FC001208,01,홍익대 대학로 아트센터,대극장,,false,0
FC001208,02,홍익대 대학로 아트센터,소극장,,false,0
FC001209,01,공간아울,,,false,0
FC001211,01,소극장 꿈꾸는 공작소,,,false,0
FC001212,01,예그린씨어터,,,false,0
FC001213,01,대학로 뮤지컬센터,대극장,,false,0
FC001213,02,대학로 뮤지컬센터,중극장,,false,0
FC001213,03,대학로 뮤지컬센터,공간 피꼴로,,false,0
FC001214,01,최일화 스튜디오,,,false,0
FC001215,01,소극장 창덕궁,,,false,0
FC001216,01,서강대 메리홀,대극장,,false,0
FC001216,02,서강대 메리홀,소극장,,false,0
FC001217,01,성남시민회관,대극장,,false,0
FC001217,02,성남시민회관,소극장,,false,0
FC001218,01,드림시어터 [대학로],,,false,0
FC001219,01,티엘아이 아트센터,,,false,0
FC001220,01,동서대학교 소향아트홀,,,false,0
FC001221,01,액터스소극장,,,false,0
FC001223,01,서연아트홀,,,false,0
FC001224,01,플렉스라운지,,,false,0
FC001225,01,부산 축제소극장,,,false,0
FC001226,01,극장 동국,,,false,0
FC001228,01,순위아트홀 1 관 [대학로],,,false,0
FC001229,01,대학로 위로홀,,,false,0
FC001231,01,서귀포예술의전당,대극장,,false,0
FC001231,02,서귀포예술의전당,소극장,,false,0
FC001232,01,하마씨어터,,,false,0
FC001233,01,유니플렉스,1관,,false,50
FC001233,02,유니플렉스,2관,,false,0
FC001233,03,유니플렉스,3관,,false,40
FC001234,01,기분좋은극장 [상무지구],,,false,0
FC001235,01,대학로 A 아트홀,,,false,0
FC001236,01,예스 24 스테이지,1관,,false,0
FC001236,02,예스 24 스테이지,2관,,false,0
FC001236,03,예스 24 스테이지,3관,,false,0
FC001237,01,소극장 공터 다,,,false,0
FC001238,01,제주영상미디어센터,예술극장,,false,0
FC001239,01,계명아트센터,,,false,0
FC001240,01,굿씨어터,,,false,0
FC001241,01,스퀘어 원,문화홀,,false,0
FC001242,01,여수시민회관,대공연장,,false,0
FC001244,01,AN 아트홀 [서면],,,false,0
FC001245,01,평촌아트홀,,,false,0
FC001246,01,BNK 부산은행 조은극장,1관,,false,0
FC001246,02,BNK 부산은행 조은극장,2관,,false,0
FC001246,03,BNK 부산은행 조은극장,스타홀,,false,0
FC001247,01,올림픽공원,KSPO DOME (체조경기장),,false,0
FC001247,02,올림픽공원,SK 핸드볼경기장 (펜싱경기장),,false,0
FC001247,03,올림픽공원,올림픽홀,,false,0
FC001247,04,올림픽공원,뮤즈라이브,,false,0
FC001247,05,올림픽공원,우리금융아트홀 (역도경기장),,false,0
FC001247,06,올림픽공원,K-아트홀,,false,0
FC001247,07,올림픽공원,야외 (88 잔디마당),,false,0
FC001247,08,올림픽공원,야외 (수변무대),,false,0
FC001247,09,올림픽공원,벨로드롬 (경륜경기장),,false,0
FC001247,11,올림픽공원,평화광장,,false,0
FC001247,12,올림픽공원,일대,,false,0
FC001248,01,예술공간 오이,,,false,0
FC001249,01,더 씨어터,,,false,0
FC001250,01,해오름 예술극장,,,false,0
FC001251,01,순위아트홀 [강남],,,false,0
FC001253,01,파도소리 소극장,,,false,0
FC001255,01,이음아트홀,,,false,0
FC001256,01,포항시청,문화동 대잠홀,,false,0
FC001257,01,피가로아트홀 [울산],,,false,0
FC001258,01,청주아트홀,,,false,0
FC001260,01,문화공간 엘림홀,,,false,0
FC001261,01,KBS 홀 [울산],,,false,0
FC001262,01,성균소극장,,,false,0
FC001262,02,스튜디오 SK,,,false,0
FC001263,01,전주한벽문화관,한벽공연장,,false,0
FC001263,02,전주한벽문화관,화명원,,false,0
FC001263,03,전주한벽문화관,혼례마당,,false,0
FC001264,01,노원구민회관,,,false,0
FC001265,01,이화여고 100 주년 기념관,,,false,0
FC001266,01,소극장공유,,,false,0
FC001267,01,공간소극장,,,false,0
FC001268,01,서울극장,페인터즈히어로 전용관,,false,0
FC001269,01,우진문화공간,,,false,0
FC001270,01,국립아시아문화전당,극장2,,false,0
FC001270,02,국립아시아문화전당,극장1,,false,0
FC001270,03,국립아시아문화전당,극장3,,false,0
FC001270,04,국립아시아문화전당,어린이극장,,false,0
FC001270,05,국립아시아문화전당,어린이체험관 동굴극장,,false,0
FC001270,06,국립아시아문화전당,오픈홀로비,,false,0
FC001270,07,국립아시아문화전당,문화창조원 복합 2관,,false,0
FC001270,08,국립아시아문화전당,아뜰리에 1,,false,0
FC001270,10,국립아시아문화전당,아시아문화광장,,false,0
FC001270,12,국립아시아문화전당,문화창조원 복합 1관,,false,0
FC001270,13,국립아시아문화전당,문화창조원 복합 6관,,false,0
FC001271,01,통영국제음악당,콘서트홀,,false,0
FC001271,02,통영국제음악당,블랙박스,,false,0
FC001271,03,통영국제음악당,레스토랑,,false,0
FC001271,04,통영국제음악당,라운지,,false,0
FC001272,01,엔터식스 메두사 아트홀,1홀,,false,0
FC001272,02,엔터식스 메두사 아트홀,2홀,,false,0
FC001272,03,엔터식스 메두사 아트홀,3홀,,false,0
FC001274,01,노을소극장,,,false,0
FC001275,01,동화소극장,,,false,0
FC001276,02,부개문화사랑방,,,false,0
FC001277,01,퍼즐인형극장 다락극장,,,false,0
FC001278,01,오씨어터,,,false,0
FC001279,01,원주중앙청소년문화의집,소공연장,,false,0
FC001279,02,원주중앙청소년문화의집,청년플랫폼 청년마을,,false,0
FC001281,01,디코소극장,,,false,0
FC001282,01,씨디아트홀,,,false,0
FC001283,01,씨어터 송,,,false,0
FC001284,01,뫼가람소극장,,,false,0
FC001285,01,서귀포학생문화원,대강당,,false,0
FC001286,01,공연일번지,,,false,0
FC001287,01,나다소극장,,,false,0
FC001288,01,어울림소극장 [원주],,,false,0
FC001289,01,대전예술가의집,누리홀,,false,0
FC001290,01,충장아트홀,,,false,0
FC001291,01,경희대학교 평화의전당,,,false,0
FC001292,01,대덕청소년수련관,강당,,false,0
FC001293,01,소울소극장,,,false,0
FC001294,01,안산올림픽기념관,중극장,,false,0
FC001295,01,하트리사이틀홀,,,false,0
FC001296,01,충남대학교 정심화국제문화회관,정심화홀,,false,0
FC001296,02,충남대학교 정심화국제문화회관,백마홀,,false,0
FC001296,03,충남대학교 정심화국제문화회관,대덕홀,,false,0
FC001297,01,현대백화점 문화홀 [충청],,,false,0
FC001298,01,시온아트홀,,,false,0
FC001299,01,신한대학교 벧엘관,대강당,,false,0
FC001300,01,필씨어터,,,false,0
FC001302,01,한국전통문화전당,공연장,,false,0
FC001302,02,한국전통문화전당,야외마당,,false,0
FC001303,01,해피씨어터,,,false,0
FC001305,01,Theater 연바람,,,false,0
FC001306,01,광주남구문화예술회관,공연장,,false,0
FC001307,01,떼아뜨로중구,,,false,0
FC001308,01,영주시민회관,,,false,0
FC001309,01,고양시여성회관,대강당,,false,0
FC001310,01,인천아트플랫폼,공연장,,false,0
FC001311,01,카페극장 칸,,,false,0
FC001312,01,아하아트홀,,,false,0
FC001316,01,국립민속국악원,예원당,,false,0
FC001316,02,국립민속국악원,예음헌,,false,0
FC001317,01,신세계 영랑호 리조트 [속초],특설공연장,,false,0
FC001318,01,분당소극장,,,false,0
FC001319,01,동해시청소년수련관,대강당,,false,0
FC001320,01,고성문화관,문화관람실,,false,0
FC001321,01,카페 떼아뜨레,,,false,0
FC001322,01,밀양아리나,가마골소극장,,false,0
FC001322,02,밀양아리나,우리동네극장,,false,0
FC001322,03,밀양아리나,스튜디오극장,,false,0
FC001322,04,밀양아리나,숲의극장,,false,0
FC001322,05,밀양아리나,성벽극장,,false,0
FC001322,06,밀양아리나,창고극장,,false,0
FC001323,01,대학로 김대범소극장,,,false,0
FC001325,01,창작소극장,,,false,0
FC001326,01,남해유스호스텔 청소년수련원,대강당,,false,0
FC001327,01,소극장 함세상,,,false,0
FC001328,01,울산 중구문화의전당,함월홀,,false,0
FC001328,02,울산 중구문화의전당,달빛마루,,false,0
FC001328,03,울산 중구문화의전당,별빛마루,,false,0
FC001328,04,울산 중구문화의전당,어울마루,,false,0
FC001329,01,창동극장,,,false,0
FC001330,01,김중업박물관 어울마당,,,false,0
FC001331,01,극장 봄,,,false,0
FC001332,01,해운대그랜드호텔,왕비의잔치 전용극장,,false,0
FC001333,01,J 아트홀,,,false,0
FC001334,01,극장 해프닝,,,false,0
FC001336,02,후용공연예술센터,교실극장,,false,0
FC001336,03,후용공연예술센터,야외공연장,,false,0
FC001337,01,천마아트센터,그랜드홀,,false,0
FC001337,02,천마아트센터,챔버홀,,false,0
FC001338,01,CJB 미디어센터,에덴아트홀,,false,0
FC001339,01,광주교육대학교 풍향문화관,하정웅아트홀,,false,0
FC001340,01,고도 5 층극장,,,false,0
FC001341,01,한림대학교 일송아트홀,,,false,0
FC001342,01,낭만극장,,,false,0
FC001343,01,창원대학교 종합교육관,대강당,,false,0
FC001345,01,벡스코 (BEXCO),오디토리움,,false,0
FC001345,02,벡스코 (BEXCO),제 1 전시장,,false,0
FC001345,04,벡스코 (BEXCO),제 2 전시장,,false,0
FC001346,01,경기도어린이박물관,강당,,false,0
FC001347,01,소향씨어터,신한카드홀,,false,0
FC001349,01,강릉원주대학교 해람문화관,해람홀,,false,0
FC001350,01,공간 Art 홀,,,false,0
FC001351,01,성균관대학교 새천년홀,,,false,0
FC001353,01,대학로 달달씨어터,,,false,0
FC001354,01,전주전통문화연수원,동헌,,false,0
FC001355,01,전주향교문화관,대강당,,false,0
FC001356,01,익산예술의전당,대공연장,,false,0
FC001359,01,파주운정행복센터,공연장,,false,0
FC001359,02,파주운정행복센터,다목적홀,,false,0
FC001360,01,제천실내체육관,,,false,0
FC001361,01,성북마을극장,,,false,0
FC001362,01,현대백화점 문화홀 [대구],문화홀,,false,0
FC001362,02,현대백화점 문화홀 [대구],토파즈홀,,false,0
FC001363,01,경북대학교 글로벌플라자,대강당,,false,0
FC001364,01,동대문구민회관,대강당,,false,0
FC001365,01,한해랑아트홀,,,false,0
FC001366,01,엑스코(exco),오디토리움,,false,0
FC001366,03,엑스코(exco),전시 2홀,,false,0
FC001366,04,엑스코(exco),컨벤션홀,,false,0
FC001366,05,엑스코(exco),전시 1홀,,false,0
FC001367,01,연극실험실 일상지하,,,false,0
FC001368,01,인디아트홀 공,,,false,0
FC001369,01,제 1 서울창의예술교육센터,하늘공연장,,false,0
FC001370,01,광림아트센터,장천홀,,false,0
FC001370,02,광림아트센터,BBCH 홀,,false,0
FC001371,01,한국만화박물관,만화영화상영관,,false,0
FC001372,01,수서청소년수련관,청소년극장,,false,0
FC001373,01,성동청소년수련관,무지개극장,,false,0
FC001374,01,아산시 보건소,콘서트홀,,false,0
FC001375,01,떼아뜨르 다락 소극장,,,false,0
FC001376,01,소극장 6 번출구,,,false,0
FC001377,01,무계원,사랑채,,false,0
FC001378,01,무안승달문화예술회관,대공연장,,false,0
FC001378,02,무안승달문화예술회관,소공연장,,false,0
FC001379,01,아루또소극장,,,false,0
FC001380,01,서촌공간 서로,,,false,0
FC001381,01,꿈꾸는 씨어터,,,false,0
FC001382,01,문화역 서울 284,RTO,,false,0
FC001383,01,천안예술의전당,대공연장,,false,0
FC001383,02,천안예술의전당,소공연장,,false,0
FC001383,03,천안예술의전당,미술관,,false,0
FC001384,01,SH 아트홀,,,false,0
FC001385,01,소극장 예울,,,false,0
FC001386,01,문래예술공장,박스씨어터,,false,0
FC001386,02,문래예술공장,스튜디오 M30,,false,0
FC001388,01,대학로 극장가게,문씨어터,,false,0
FC001389,01,예술극장 온,,,false,0
FC001390,01,성신여자대학교 운정그린캠퍼스 대강당,,,false,0
FC001391,01,거창문화원,상살미홀,,false,0
FC001393,01,여우별아트홀,,,false,0
FC001394,01,광양커뮤니티센터,다목적홀,,false,0
FC001395,01,SCC 홀,,,false,0
FC001396,01,남도소리울림터,,,false,0
FC001398,01,보성군문화예술회관,,,false,0
FC001400,01,영광예술의전당,대공연장,,false,0
FC001400,02,영광예술의전당,소공연장,,false,0
FC001402,01,부산학생예술문화회관,대극장,,false,0
FC001402,02,부산학생예술문화회관,소극장,,false,0
FC001403,01,영등포 타임스퀘어,키즈앤키즈 소극장,,false,0
FC001404,01,대학로 이음센터,이음홀,,false,0
FC001405,01,GBB 스페이스홀,,,false,0
FC001406,01,광주디자인센터,이벤트홀,,false,0
FC001407,01,작은극장 다함,,,false,0
FC001409,01,KT&G 상상마당 [춘천],사운드홀,,false,0
FC001409,02,KT&G 상상마당 [춘천],야외공연장,,false,0
FC001410,01,춘천 수변공원,,,false,0
FC001411,01,페리지홀,,,false,0
FC001413,01,LIG 아트홀 [합정],,,false,0
FC001414,01,코델아트홀,,,false,0
FC001415,01,대전시립연정국악원,큰마당,,false,0
FC001415,02,대전시립연정국악원,작은마당,,false,0
FC001416,01,유성문화원,다목적실,,false,0
FC001417,01,여의도 이랜드크루즈 제 1 터미널,,,false,0
FC001418,01,한옥마을아트홀,,,false,0
FC001419,01,1m 클래식아트홀,,,false,0
FC001420,01,나비아트홀,,,false,0
FC001421,01,홍대 the STUMP,,,false,0
FC001422,01,소극장 ZONE,,,false,0
FC001423,01,성북구민회관,대강당,,false,0
FC001424,01,놀터예술공방,,,false,0
FC001425,01,스튜디오 QDA,,,false,0
FC001426,01,고창읍성 모양성 내아,,,false,0
FC001427,01,송상헌의 난타 소극장,,,false,0
FC001428,01,한국콘텐츠진흥원 CKL 스테이지,,,false,0
FC001429,01,김천시립문화회관,,,false,0
FC001430,01,화순 하니움 문화스포츠센터,적벽실,,false,0
FC001430,02,화순 하니움 문화스포츠센터,만연홀,,false,0
FC001431,01,해바라기소극장,,,false,0
FC001432,01,대구범어대성당,드망즈홀,,false,0
FC001433,01,호텔 인터불고 대구,컨벤션홀,,false,0
FC001435,01,종로아이들극장,,,false,0
FC001436,01,거창 수승대,축제극장,,false,0
FC001436,02,거창 수승대,달물빛극장,,false,0
FC001436,03,거창 수승대,구연극장,,false,0
FC001436,04,거창 수승대,수변무대,,false,0
FC001436,05,거창 수승대,수승극장,,false,0
FC001437,01,안동댐 월영교 일원 개목나루,,,false,0
FC001438,01,수원 SK 아트리움,대공연장,,false,0
FC001438,02,수원 SK 아트리움,소공연장,,false,0
FC001439,01,베어홀,,,false,0
FC001440,01,대학로 두레홀 3 관,,,false,0
FC001441,01,서울돈화문국악당,,,false,0
FC001442,01,호은아트홀,,,false,0
FC001444,01,성암아트센터,성암아트홀,,false,0
FC001448,01,KB 아트홀 [강남],,,false,0
FC001449,01,KB 아트홀 [부산],,,false,0
FC001451,01,강동구민회관,대강당,,false,0
FC001453,01,가인소극장,,,false,0
FC001454,01,대동골문화센터,공연장,,false,0
FC001457,01,탑아트홀,,,false,0
FC001459,01,컬처스페이스 엔유,,,false,0
FC001462,01,서울상상나라,,,false,0
FC001469,01,중앙대학교 아트센터,대극장,,false,0
FC001469,02,중앙대학교 아트센터,소극장,,false,0
FC001472,01,CTS 아트홀,,,false,0
FC001479,01,창조문화활력센터 소극장 624,,,false,0
FC001485,01,서초문화예술회관,아트홀,,false,0
FC001487,01,국민대학교 예술대학,대극장,,false,0
FC001491,01,레몬트리소극장,,,false,0
FC001507,01,도파니아트홀,,,false,0
FC001512,01,세이레아트센터,,,false,0
FC001513,01,롯데콘서트홀,,,false,0
FC001514,01,전북교육문화회관,,,false,0
FC001515,01,누리마공연장,,,false,0
FC001516,01,정읍 고택문화체험관,,,false,0
FC001517,01,전주소리문화관,대청마루,,false,0
FC001517,02,전주소리문화관,놀이마당,,false,0
FC001517,03,전주소리문화관,사랑방,,false,0
FC001518,01,국립무형유산원,대공연장,,false,0
FC001518,02,국립무형유산원,소공연장,,false,0
FC001519,01,예담아트홀,,,false,0
FC001520,01,경계없는예술센터,SPACE T,,false,0
FC001524,01,플레이스 막(PALCE MAK),플레이스 막사 (PLACE MAKSA),,false,0
FC001526,01,열린아트홀,,,false,0
FC001527,01,성신여자대학교 돈암수정캠퍼스,수정홀,,false,0
FC001528,01,대학로 드림아트센터,1관,,false,0
FC001528,02,대학로 드림아트센터,2관,,false,0
FC001528,03,대학로 드림아트센터,3관,,false,0
FC001528,04,대학로 드림아트센터,4관,,false,0
FC001529,01,여행자극장,,,false,0
FC001530,01,선산문화회관,,,false,0
FC001531,01,세실아트홀,,,false,0
FC001535,01,인사아트홀,,,false,0
FC001536,01,충남도청 문예회관,,,false,0
FC001539,01,수상한흥신소전용관,,,false,0
FC001540,02,축제소극장 [창원],1관,,false,0
FC001541,01,꿈나무극장,,,false,0
FC001543,01,공간 222,,,false,0
FC001544,01,정태호소극장 comedy maker,,,false,0
FC001545,01,남문로데오아트홀,,,false,0
FC001546,01,여수청소년수련관,,,false,0
FC001547,01,640 아트타워,640 아트홀,,false,0
FC001548,01,2001 아울렛키즈홀 [수원남문],,,false,0
FC001549,01,한남대로 158,(극단 성북동 비둘기),,false,0
FC001550,01,소극장 극예술공간,,,false,0
FC001551,01,여의도 한강공원 멀티플라자 그랑샤피토,,,false,0
FC001552,01,동아백화점 아트홀,,,false,0
FC001553,01,소극장 길,,,false,0
FC001554,01,안동유교랜드 원형극장,,,false,0
FC001555,01,엘림아트센터,엘림홀,,false,0
FC001555,02,엘림아트센터,챔버홀,,false,0
FC001556,01,금호아트홀 연세,,,false,0
FC001561,01,롯데마트 어린이소극장 [구미],어린이소극장,,false,0
FC001563,01,포항백시어터,,,false,0
FC001564,01,레미어린이극장 [부평],,,false,0
FC001565,01,레미어린이극장 [금천],,,false,0
FC001566,01,진건아트홀,,,false,0
FC001567,01,국화소극장,,,false,0
FC001568,01,스트라디움 스튜디오,,,false,0
FC001569,01,더뮤지트라이브홀,,,false,0
FC001570,01,대교타워 아이레벨홀,,,false,0
FC001571,01,마리아칼라스홀,,,false,0
FC001572,01,한국소리터,지영희홀,,false,0
FC001572,02,한국소리터,야외공연장,,false,0
FC001573,01,국립부여박물관,사비마루,,false,0
FC001574,01,세상에서제일작은한평극장,,,false,0
FC001575,01,JCC 아트센터,콘서트홀,,false,0
FC001576,01,스페이스 아이,,,false,0
FC001577,01,대구보건대 인당아트홀,,,false,0
FC001582,04,한양대학교 노천극장,,,false,0
FC001583,01,플랫폼 창동 61,레드박스,,false,0
FC001585,01,M Stage,1관,,false,0
FC001585,02,M Stage,2관,,false,0
FC001590,01,현대백화점 문화홀 [킨텍스],문화홀,,false,0
FC001591,01,현대백화점 문화홀 [압구정],토파즈홀,,false,0
FC001592,01,난지한강공원,,,false,0
FC001593,02,한남대학교 56 주년기념관,서의필홀,,false,0
FC001594,01,KBS 홀 [창원],,,false,0
FC001599,01,정부세종청사 6 동 대강당,,,false,0
FC001600,01,효천아트센터 그라운드씬,,,false,0
FC001602,01,청석에듀씨어터,,,false,0
FC001603,01,아트포레스트 아트홀,1관,,false,0
FC001603,02,아트포레스트 아트홀,2관,,false,0
FC001604,01,야마하아티스트서비스서울,,,false,0
FC001605,01,레미어린이극장 [월드컵],3층,,false,0
FC001606,01,레미어린이극장 [일산],,,false,0
FC001607,01,라이트씨어터,,,false,0
FC001608,01,웨스트브릿지 라이브홀,,,false,0
FC001609,01,대전청소년위캔센터,대강당,,false,0
FC001610,01,안데르센극장,,,false,0
FC001611,01,세계광엑스포주제관,빛아트홀,,false,0
FC001612,01,세븐파이프홀,,,false,0
FC001613,01,신세계 문화홀 8 층 [대구],,,false,0
FC001614,01,채환홀 소극장,,,false,0
FC001615,01,아트브릿지,,,false,0
FC001616,01,늘푸른전당,,,false,0
FC001617,01,제주난타극장,,,false,0
FC001618,01,김포아트홀,,,false,0
FC001619,01,강남씨어터,,,false,0
FC001620,01,보림인형극장,,,false,0
FC001622,01,아라리오뮤지엄,공간소극장,,false,0
FC001623,01,가향아트센터,가향아트홀,,false,0
FC001624,01,윤형빈소극장 [홍대],,,false,0
FC001625,01,작은공연장 단,,,false,0
FC001626,01,소극장 The 켠,,,false,0
FC001628,01,뮤지스땅스,라이브 땅,,false,0
FC001629,01,일신홀,,,false,0
FC001630,01,한우리정보문화센터,한우리홀,,false,0
FC001631,01,창작플랫폼 경험과 상상,,,false,0
FC001632,01,알록 에피소드,,,false,0
FC001633,01,슬로우시티,,,false,0
FC001634,01,얘기아트씨어터,,,false,0
FC001635,01,대한성공회 서울주교좌성당,,,false,0
FC001636,01,창조소극장,,,false,0
FC001638,01,아트세닉,,,false,0
FC001639,01,윤보선 고택,,,false,0
FC001645,01,복합공간 에무,팡타 개라지,,false,0
FC001645,02,복합공간 에무,야외 뒷뜰 (은하수 공연장),,false,0
FC001649,01,국기원,,,false,0
FC001655,01,모두누림센터,누림아트홀,,false,0
FC001657,01,원인재,,,false,0
FC001658,01,현대백화점 문화홀 [미아],,,false,0
FC001660,01,웅진플레이도시,상상아트홀,,false,0
FC001662,01,만리동예술인주택,1층 큰 공간,,false,0
FC001663,01,세종특별자치시청,여민실,,false,0
FC001664,01,홍대 김대범소극장,,,false,0
FC001666,01,레미어린이극장 [울산],,,false,0
FC001667,01,한밭대학교,아트홀,,false,0
FC001668,01,서대문문화체육회관,대극장,,false,0
FC001668,02,서대문문화체육회관,소극장,,false,0
FC001669,01,효로민락소극장,,,false,0
FC001670,01,국립해양생물자원관,교육동 대강당,,false,0
FC001671,01,뜻밖의 극장,,,false,0
FC001672,01,(재)경기문화재단,다산홀,,false,0
FC001673,01,노들장애인야학,대강당,,false,0
FC001674,01,트리하우스,일일극장,,false,0
FC001675,01,밀양아리랑아트센터,대공연장,,false,0
FC001675,02,밀양아리랑아트센터,소공연장,,false,0
FC001676,01,일터 소극장,,,false,0
FC001677,01,랑씨어터,,,false,0
FC001678,01,레미어린이극장 [광주수완],,,false,0
FC001679,01,광주 민들레소극장,,,false,0
FC001680,01,예술공간 몬스덕,,,false,0
FC001681,01,대전 사과나무소극장,,,false,0
FC001682,01,민송아트홀,1관,,false,0
FC001682,02,민송아트홀,2관,,false,0
FC001683,01,가마골소극장,,,false,0
FC001684,01,구석으로부터,,,false,0
FC001685,01,강동문화복지회관,천생아트홀,,false,0
FC001685,02,강동문화복지회관,봉두아트홀,,false,0
FC001685,03,강동문화복지회관,야외무대,,false,0
FC001687,01,NC 소극장 [부산대],,,false,0
FC001688,01,소극장 쇠내골,,,false,0
FC001689,01,광한루원,수상무대,,false,0
FC001689,02,광한루원,특설무대,,false,0
FC001690,01,웅상문화체육센터,공연장,,false,0
FC001691,01,조이마루아트홀,,,false,0
FC001692,01,강릉문화원,공연장,,false,0
FC001694,01,롯데백화점 문화홀 [대구],,,false,0
FC001695,01,힐크레스트,상상극장,,false,0
FC001696,01,트라이보울,공연장,,false,0
FC001697,01,세종문화원,대강당,,false,0
FC001697,02,세종문화원,소강당,,false,0
FC001698,01,행화탕,,,false,0
FC001699,01,여주시 평생학습센터,공연장,,false,0
FC001700,01,서울애니메이션센터,애니시네마 상영관,,false,0
FC001701,01,경상남도문화예술회관,대공연장,,false,0
FC001701,02,경상남도문화예술회관,로비,,false,0
FC001701,03,경상남도문화예술회관,야외특설무대,,false,0
FC001702,01,상명아트센터,계당홀,,false,0
FC001702,02,상명아트센터,대신홀,,false,0
FC001703,01,사랑하니까 이야기다,,,false,0
FC001704,01,수원화성행궁,봉수당 특설무대,,false,0
FC001704,02,수원화성행궁,유여택,,false,0
FC001705,01,소셜베뉴 라움,마제스틱볼룸,,false,0
FC001705,02,소셜베뉴 라움,체임버홀,,false,0
FC001706,01,신촌극장,,,false,0
FC001707,01,이수아트홀 [대학로],,,false,0
FC001708,01,한영아트센터,안암홀,,false,0
FC001710,01,국립제주박물관,강당,,false,0
FC001711,01,KBEC 발레시어터,소극장,,false,0
FC001712,01,정읍 연지아트홀,,,false,0
FC001713,01,와부체육문화센터,,,false,0
FC001714,01,롯데백화점 문화홀 [중동],문화홀,,false,0
FC001715,01,제주아트리움,쇼킹,,false,0
FC001716,01,명동대성당,꼬스트홀,,false,0
FC001716,02,명동대성당,파밀리아 채플,,false,0
FC001717,01,리코디아 아트홀,,,false,0
FC001718,01,플랫폼-엘 컨템포러리 아트센터,플랫폼 라이브,,false,0
FC001720,01,글로벌 JEY 아트홀,,,false,0
FC001721,01,다누림센터,다누림홀,,false,0
FC001724,01,얼라이브홀,,,false,0
FC001729,01,알펜시아 리조트,콘서트홀,,false,0
FC001729,02,알펜시아 리조트,뮤직텐트,,false,0
FC001731,01,경복대학교 남양주캠퍼스,우당홀,,false,0
FC001737,01,부산 춤 공간 Shin,,,false,0
FC001749,01,수아트홀,,,false,0
FC001757,01,빈티지소극장,,,false,0
FC001764,01,솔가람아트홀,대공연장,,false,0
FC001766,01,폴리파크,태권뮤지컬 혼 제주전용관,,false,0
FC001769,01,우경아트홀,공연장,,false,0
FC001781,01,제주돌문화공원,오백장군갤러리 공연장,,false,0
FC001783,01,동자아트홀,,,false,0
FC001784,01,F1963,석천홀,,false,0
FC001785,01,오디오가이스튜디오,,,false,0
FC001787,01,강릉아트센터,사임당홀,,false,0
FC001787,02,강릉아트센터,소공연장,,false,0
FC001787,03,강릉아트센터,야외공연장,,false,0
FC001787,04,강릉아트센터,북카페,,false,0
FC001788,01,한국예술종합학교 [서초],이강숙홀,,false,0
FC001789,01,세종대학교 충무관,세종아트홀 혼,,false,0
FC001790,01,MHN STAGE,,,false,0
FC001791,01,노원어울림극장,,,false,0
FC001792,01,연세대학교 대강당,,,false,0
FC001793,01,연세대학교 백주년기념관,,,false,0
FC001794,01,연세대학교 루스채플,,,false,0
FC001795,01,경성대학교 예노소극장,,,false,0
FC001796,01,부평문화사랑방,,,false,0
FC001799,01,이화여자대학교 삼성홀,,,false,0
FC001804,01,익스트림씨어터 2 관,,,false,0
FC001805,01,익스트림씨어터 3 관,,,false,0
FC001806,01,대전효문화진흥원,대강당,,false,0
FC001808,01,아트홀제이,,,false,0
FC001809,01,공간심,,,false,0
FC001810,01,예린소극장,,,false,0
FC001811,01,KOCCA 콘텐츠문화광장,스테이지 66,,false,0
FC001812,01,안성맞춤아트홀,대공연장,,false,0
FC001812,02,안성맞춤아트홀,소공연장,,false,0
FC001813,01,경상북도 교통문화연수원,청렴관,,false,0
FC001814,01,북극곰소극장,,,false,0
FC001815,01,마루아트홀,,,false,0
FC001816,01,대구음악창작소,창공홀,,false,0
FC001818,01,공감센터,공감홀,,false,0
FC001819,01,원패스아트홀,,,false,0
FC001820,01,아이러브아트홀,,,false,0
FC001821,01,그랜드힐튼호텔,컨벤션홀,,false,0
FC001821,02,그랜드힐튼호텔,그랜드볼룸,,false,0
FC001821,03,그랜드힐튼호텔,에메랄드홀,,false,0
FC001822,01,마포중앙도서관,마중홀,,false,0
FC001823,01,장충체육관,,,false,0
FC001824,01,현대백화점 문화홀 [중동],,,false,0
FC001826,01,현대카드 언더스테이지,스튜디오,,false,0
FC001826,02,현대카드 언더스테이지,Vinyl ＆ Plastic (뮤직라이브러리),,false,0
FC001827,01,소극장 소금창고,,,false,0
FC001828,01,아트벙커,,,false,0
FC001829,01,국립공주박물관,강당,,false,0
FC001831,01,삼모아트센터,라비니아홀,,false,0
FC001832,01,SAC 아트홀,,,false,0
FC001833,01,고창농악전수관,야외공연장,,false,0
FC001834,01,최순우 옛집,,,false,0
FC001835,01,하하하 소극장,,,false,0
FC001836,01,경기상상캠퍼스 M3,멀티벙커,,false,0
FC001836,02,경기상상캠퍼스 M3,공간 1986,,false,0
FC001836,03,경기상상캠퍼스 M3,교육 1964,,false,0
FC001837,01,잠실종합운동장,FB 빅탑시어터,,false,0
FC001837,02,잠실종합운동장,실내체육관,,false,0
FC001837,03,잠실종합운동장,특설링,,false,0
FC001837,04,잠실종합운동장,보조경기장,,false,0
FC001837,05,잠실종합운동장,주경기장,,false,0
FC001837,06,잠실종합운동장,로열씨어터,,false,0
FC001837,07,잠실종합운동장,서문주차장,,false,0
FC001838,01,베짱이홀,,,false,0
FC001839,01,복합문화공간 아이원,공연장,,false,0
FC001840,01,인천대학교 대강당,,,false,0
FC001841,01,파라다이스시티,그랜드볼륨,,false,0
FC001841,02,파라다이스시티,컬처파크,,false,0
FC001842,01,남서울대학교 아트센터,갤러리 이앙,,false,0
FC001843,01,하이원 그랜드호텔,컨벤션홀,,false,0
FC001843,02,하이원 그랜드호텔,3층 카사시네마,,false,0
FC001844,01,대원 팝콘 D 스퀘어,대원 콘텐츠 라이브,,false,0
FC001845,01,VERY,2관,,false,0
FC001845,02,VERY,1관,,false,0
FC001846,01,알디스페이스 아트홀,,,false,0
FC001847,01,을지공간,,,false,0
FC001848,01,오류아트홀,,,false,0
FC001849,01,무대공감 소극장,at 젬스톤,,false,0
FC001850,01,북쌔즈 복합문화공간,,,false,0
FC001851,01,청심평화월드센터,,,false,0
FC001852,01,연희예술극장,,,false,0
FC001853,01,언더스탠드에비뉴,아트 스탠드,,false,0
FC001854,01,신촌문화발전소,소극장,,false,0
FC001855,01,시흥 ABC 평생학습타운,ABC 홀,,false,0
FC001855,02,시흥 ABC 평생학습타운,어울림소극장,,false,0
FC001856,01,사다리움직임연구소,스튜디오,,false,0
FC001857,01,성원아트홀,,,false,0
FC001858,01,K-LIVE 전용관,,,false,0
FC001859,01,고스트씨어터,,,false,0
FC001860,01,수림아트센터,SPACE 1,,false,0
FC001861,01,바보소극장,,,false,0
FC001862,01,허수아비소극장,,,false,0
FC001863,01,롯데백화점 문화홀 [평촌],,,false,0
FC001864,01,KBS 홀 [청주],,,false,0
FC001865,01,청주교육대학교,교육문화관 대강당,,false,0
FC001865,02,청주교육대학교,석우문화체육관,,false,0
FC001866,01,위워크 광화문,,,false,0
FC001867,01,보령문화의전당,대강당,,false,0
FC001868,01,신영증권본사 체임버홀,,,false,0
FC001869,01,로얄앤컴퍼니,교육센터 콘서트홀,,false,0
FC001873,02,아트센터 인천,콘서트홀,,false,0
FC001874,01,파인트리 시어터,,,false,0
FC001875,01,남양주 어린이비전센터,비전 강당,,false,0
FC001876,01,신세계 문화홀 [충청],,,false,0
FC001877,02,서경대학교 공연예술센터,스콘 2관,,false,0
FC001877,03,서경대학교 공연예술센터,스콘 1관,,false,0
FC001878,01,영락교회,베다니홀,,false,0
FC001879,01,서울시립대학교,음악관,,false,0
FC001880,01,엘리펀트스페이스,,,false,0
FC001881,01,아트레볼루션 전용관,,,false,0
FC001882,01,코쿤홀,,,false,0
FC001884,01,달밤엔씨어터,,,false,0
FC001885,01,JDB 스퀘어,,,false,0
FC001886,01,덕호아트홀,,,false,0
FC001888,01,대교 트라움벨트,트라움홀,,false,0
FC001889,01,김포시 평생학습센터,대강당,,false,0
FC001890,01,김해서부문화센터,하늬홀,,false,0
FC001891,01,미예랑소극장,,,false,0
FC001892,01,디 마르가리따,,,false,0
FC001905,01,코미디헤이븐,,,false,0
FC001910,01,킨텍스,야외공연장,,false,0
FC001910,02,킨텍스,제 2 전시장,,false,0
FC001910,03,킨텍스,제 1 전시장,,false,0
FC001910,04,킨텍스,9홀 A,,false,0
FC001912,01,종로예술극장,공연장,,false,0
FC001916,01,미리내 마술극장,은하수홀,,false,0
FC001919,01,브러쉬씨어터,공연장,,false,0
FC001920,01,해바라기소극장 [부산],,,false,0
FC001922,01,백화점세이,7층 문화센터,,false,0
FC001924,01,경남과학기술대학교,본관 2층 대강당,,false,0
FC001927,01,아띠홀,,,false,0
FC001929,01,극장 칸테움,소극장,,false,0
FC001931,01,다산아트홀,공연장,,false,0
FC001933,01,제주신화월드,랜딩리조트관 1층 로비,,false,0
FC001934,01,조선대학교 해오름관,,,false,0
FC001935,01,방송통신위원회 부산시청자미디어센터,공개홀,,false,0
FC001936,01,남서울교회,,,false,0
FC001937,01,진천종합사회복지관,공연장,,false,0
FC001938,01,IGC 글로벌캠퍼스,대강당,,false,0
FC001940,01,2001 아울렛키즈홀 [구로],,,false,0
FC001944,01,음악역 1939,뮤직센터 (M-STATION) 공연장,,false,0
FC001946,01,광주청소년삶디자인센터,랄랄라홀,,false,0
FC001949,01,아트센터소극장,공연장,,false,0
FC001951,01,중산아트홀,공연장,,false,0
FC001952,01,플러그인,공연장,,false,0
FC001953,01,범블비 아트홀,공연장,,false,0
FC001954,01,서울교육대학교,종합문화관,,false,0
FC001958,01,반포심산아트홀,,,false,0
FC001961,01,명주예술마당,콘서트홀,,false,0
FC001964,01,목동 아이스링크,,,false,0
FC001974,01,공연예술소극장 용,,,false,0
FC001976,01,벧엘교회,,,false,0
FC001978,01,MG 아트홀,,,false,0
FC001982,01,로로스페이스,,,false,0
FC001987,01,더켠 소극장,,,false,0
FC001988,01,덜위치 칼리지 서울 영국학교,,,false,0
FC001991,01,송도케이라이브극장,,,false,0
FC001992,01,여수엑스포컨벤션센터,엑스포홀,,false,0
FC001992,02,여수엑스포컨벤션센터,국제관,,false,0
FC001994,01,더 줌 아트센터,,,false,0
FC002003,01,DS ART HALL,,,false,0
FC002004,01,대구은행 제 2 본점,대강당,,false,0
FC002009,01,원주 MBC 아트홀,,,false,0
FC002012,01,더 서울라이티움,,,false,0
FC002014,01,D:BASE,,,false,0
FC002016,01,우란 2 경,,,false,0
FC002017,01,괜찮은 홀 [김포],,,false,0
FC002022,01,고려사이버대학교,대강당,,false,0
FC002023,01,골목실험극장,,,false,0
FC002026,01,Mfor 아트스페이스,소극장,,false,0
FC002027,01,벨로주 [망원],벨로주,,false,0
FC002029,01,뉴코아소극장 [창원],,,false,0
FC002035,01,벨로주 [홍대],,,false,0
FC002054,01,홈플러스 [천안신방점],,,false,0
FC002055,01,NC 소극장 [안산고잔],,,false,0
FC002056,01,뉴코아아울렛 [부천],,,false,0
FC002059,01,예감뮤직하우스,,,false,0
FC002061,01,우리소극장,,,false,0
FC002062,01,쌀롱드무지끄,,,false,0
FC002063,01,달콤한음악실,,,false,0
FC002064,01,작은극장 어린,,,false,0
FC002067,01,씨마크호텔 [강릉],야외공연장 아레나,,false,0
FC002068,01,방콕 난타씨어터,,,false,0
FC002070,01,안산공원,,,false,0
FC002071,01,소극장 날개,,,false,0
FC002072,01,업스테이지,,,false,0
FC002074,01,진접읍주민자치센터,크낙새홀,,false,0
FC002075,01,공상온도,,,false,0
FC002076,01,광주공연마루,빛아트홀,,false,0
FC002080,01,동덕여자대학교 백주년기념관,,,false,0
FC002081,01,용인어린이상상의숲,공연놀이터,,false,0
FC002086,01,서산문화원,공연장,,false,0
FC002087,01,에보니홀,,,false,0
FC002088,01,문래재즈 IN,,,false,0
FC002091,01,소극장 아고고,,,false,0
FC002093,01,정효아트센터,음악당,,false,0
FC002097,01,롯데백화점 [일산],문화홀,,false,0
FC002099,01,화도수동행정복지센터,천마홀,,false,0
FC002100,01,The Nora stage Y,,,false,0
FC002103,01,매지클,,,false,0
FC002104,01,CS 아트홀,,,false,0
FC002105,01,끌로드아트홀,,,false,0
FC002106,01,롯데백화점 [청량리],8층 문화홀,,false,0
FC002115,01,대관령성당,,,false,0
FC002120,01,롯데백화점 [영등포],문화홀,,false,0
FC002129,01,유나이티드 컬쳐센터 & 갤러리,갤러리,,false,0
FC002141,01,괴산문화예술회관,,,false,0
FC002153,01,문화비축기지,문화마당,,false,0
FC002153,02,문화비축기지,1번 탱크 파빌리온,,false,0
FC002153,03,문화비축기지,2번 탱크 실내공연장,,false,0
FC002153,04,문화비축기지,야외무대,,false,0
FC002153,05,문화비축기지,4번 탱크,,false,0
FC002153,06,문화비축기지,원형회의실,,false,0
FC002162,01,드림씨어터 [부산],드림씨어터,,false,0
FC002164,01,평내도서관,공연장,,false,0
FC002165,01,오남도서관,어울림홀,,false,0
FC002169,01,군산어린이공연장,,,false,0
FC002171,01,스페이스 청,,,false,0
FC002177,01,원주문화원,공연장,,false,0
FC002179,01,창원과학체험관,다목적강당,,false,0
FC002180,01,롯데문화홀 [수원],,,false,0
FC002181,01,소극장 울림터,,,false,0
FC002184,01,범서생활체육공원,,,false,0
FC002186,01,전주중부비전센터,,,false,0
FC002190,01,서계 박세당 고택,,,false,0
FC002191,01,동대문구체육관,,,false,0
FC002194,01,살롱드 파주,살롱드 파주,,false,0
FC002195,01,살롱 샤콘느,,,false,0
FC002199,01,오드 포트 (ODE PORT),라이브홀,,false,0
FC002202,01,상암월드컵공원,수변무대,,false,0
FC002204,01,의정부아트캠프,,,false,0
FC002205,01,정동 1928 아트센터,,,false,0
FC002210,01,포항청소년수련관,청소년극장,,false,0
FC002211,01,마이라이브홀,,,false,0
FC002212,01,철원종합문화복지센터,소강당,,false,0
FC002215,01,탈영역우정국,,,false,0
FC002219,01,블라인드아트홀,소극장,,false,0
FC002224,01,오시선/지하극장,,,false,0
FC002226,01,광야아트센터,,,false,0
FC002229,01,대학로 판타스틱전용관,,,false,0
FC002230,01,안동 탈춤공원,탈춤공연장,,false,0
FC002232,01,울진군문화센터,,,false,0
FC002235,01,공덕교회,,,false,0
FC002236,01,비봉산,,,false,0
FC002238,01,렛츠런파크 서울,관람대,,false,0
FC002238,02,렛츠런파크 서울,대강당,,false,0
FC002238,03,렛츠런파크 서울,실내승마장,,false,0
FC002238,04,렛츠런파크 서울,럭키빌,,false,0
FC002238,05,렛츠런파크 서울,해피빌,,false,0
FC002240,01,더페이지 갤러리,,,false,0
FC002244,01,산성교회,,,false,0
FC002245,01,표충재 (신숭겸장군유적지),,,false,0
FC002246,01,푸르지오아트홀,,,false,0
FC002247,01,순천만국가정원,잔디마당,,false,0
FC002248,01,경동교회,,,false,0
FC002249,01,로얄아트홀,,,false,0
FC002251,01,이성당 신관,3층,,false,0
FC002252,01,백석예술대학교 백석비전센터,백석아트홀,,false,0
FC002254,01,소극장 연극바보들,,,false,0
FC002263,01,KBS 춘천홀,,,false,0
FC002264,01,정선아리랑센터,아리랑홀,,false,0
FC002269,01,엔플러그,,,false,0
FC002272,01,광주명품백화점,야외무대,,false,0
FC002272,02,광주명품백화점,골드하우스,,false,0
FC002275,01,그랜드 프라자 호텔 [청주],그랜드볼룸,,false,0
FC002276,01,카페 피니얼,콘서트홀,,false,0
FC002277,01,화성어린이복합문화센터,아이누리극장,,false,0
FC002279,01,신촌 파랑고래,고래마당,,false,0
FC002282,01,마르떼,더 홀,,false,0
FC002283,01,통의동클래식,Hall (홀),,false,0
FC002284,01,호평체육문화센터,다목적강당,,false,0
FC002289,01,반석전원교회,,,false,0
FC002295,01,헤븐포인트교회,,,false,0
FC002297,01,로즈아트홀,,,false,0
FC002299,01,숭실대학교 한경직기념관,대강당,,false,0
FC002305,01,비오케이아트센터,다목적공연장,,false,0
FC002309,01,공간쉼플,,,false,0
FC002312,01,쏘울브릿지,,,false,0
FC002313,01,순천시 문화건강센터,다목적홀,,false,0
FC002320,01,경기대학교 [서울],실습동,,false,0
FC002324,01,경상대학교 GNU 국제문화회관,대강당,,false,0
FC002326,01,플레이스비브,,,false,0
FC002330,01,로운아뜨리움,로운홀,,false,0
FC002330,02,로운아뜨리움,아뜨리움홀,,false,0
FC002330,03,로운아뜨리움,로운갤러리,,false,0
FC002332,01,효자아트홀,,,false,0
FC002334,01,뮤지토리키즈,,,false,0
FC002336,01,공감 M 아트센터,소극장,,false,0
FC002337,01,플레이클라우드,클라우드홀,,false,0
FC002348,01,시흥시청 늠내홀,,,false,0
FC002353,01,다락스페이스,다락스튜디오,,false,0
FC002355,01,이화여자대학교 대강당,,,false,0
FC002356,01,아트스페이스 서돌,보굿홀,,false,0
FC002361,01,반쥴,,,false,0
FC002366,01,스콘뮤직홀,,,false,0
FC002369,01,전라남도학생교육문화회관,대강당,,false,0
FC002369,02,전라남도학생교육문화회관,소강당,,false,0
FC002369,03,전라남도학생교육문화회관,공연장,,false,0
FC002370,01,그레뱅뮤지엄,,,false,0
FC002372,01,쌍벽루아트홀,,,false,0
FC002374,01,신세계 문화홀 [의정부],,,false,0
FC002376,01,신세계 문화홀 [경기],,,false,0
FC002388,01,호텔수성 [대구],호텔수성스퀘어 2층,,false,0
FC002391,01,242,,,false,0
FC002392,01,섬유센터,이벤트홀,,false,0
FC002394,01,한국방송통신대학교,대공연장,,false,0
FC002394,02,한국방송통신대학교,열린관 소극장,,false,0
FC002396,01,건양대학교,문화콘서트홀,,false,0
FC002404,01,호평평내행정복지센터,다목적실,,false,0
FC002405,01,부산은행,오션홀,,false,0
FC002406,01,카페부부,,,false,0
FC002407,01,의외의 조합,,,false,0
FC002409,01,아트센터 달,,,false,0
FC002410,01,성북구립도서관,천장산우화극장,,false,0
FC002412,01,당진문화예술학교,공연장,,false,0
FC002416,01,롯데시네마 [경산],특별관,,false,0
FC002418,01,서경대학교 문예관,문예홀,,false,0
FC002419,01,메이필드호텔,카라홀,,false,0
FC002420,01,군산시민예술촌,,,false,0
FC002424,01,통영극장,,,false,0
FC002426,01,치악체육관,,,false,0
FC002431,01,에피소드 성수,,,false,0
FC002433,01,용인시평생학습관,큰어울마당,,false,0
FC002433,02,용인시평생학습관,작은어울마당,,false,0
FC002434,01,스페이스 나인,,,false,0
FC002436,01,현대백화점 문화홀 [목동],,,false,0
FC002438,01,서울시민청,바스락홀,,false,0
FC002441,01,카비네,,,false,0
FC002443,01,이웃집마녀,,,false,0
FC002447,01,공장갤러리,,,false,0
FC002448,01,만수아트홀,,,false,0
FC002452,01,대구마술극장,,,false,0
FC002453,01,판시어터,,,false,0
FC002455,01,GET SPACE,,,false,0
FC002456,01,NC 소극장 [강서],,,false,0
FC002458,01,VK 아트홀,,,false,0
FC002459,01,YMCA 정읍시청소년수련관,녹두홀,,false,0
FC002460,01,가정청소년문화의집,다목적강당,,false,0
FC002461,01,거창연극학교,장미극장,,false,0
FC002462,01,경북도청 동락관,,,false,0
FC002463,01,계원예술고등학교,벽강예술관,,false,0
FC002464,01,공간 울림,,,false,0
FC002465,01,공공그라운드,001 스테이지,,false,0
FC002466,01,광주북구평생학습관,,,false,0
FC002467,01,광천문예회관,,,false,0
FC002468,01,구복예술촌,실내극장,,false,0
FC002469,01,국민대학교 제로원디자인센터,,,false,0
FC002470,01,군포시청소년수련관,청소년어울림극장,,false,0
FC002471,01,군포시평생학습원,상상극장,,false,0
FC002472,01,그린빈 버찌라이브하우스,,,false,0
FC002473,01,극단 믈뫼 열린무대,,,false,0
FC002474,01,글로빌아트홀,,,false,0
FC002475,01,김삼일자유소극장,,,false,0
FC002476,01,김포시민회관,,,false,0
FC002477,01,논현 1 문화센터,다목적강당,,false,0
FC002478,01,뉴코아소극장 [부천],,,false,0
FC002480,01,대덕구문예회관,공연장,,false,0
FC002481,01,대전시립박물관,여민관,,false,0
FC002482,01,더 무지카 아트홀,,,false,0
FC002483,01,동리국악당,,,false,0
FC002484,01,동성로 야외무대,,,false,0
FC002486,01,디엔지홀(DNG HALL),,,false,0
FC002487,01,떼아뜨르 분도,,,false,0
FC002488,01,마당극장 관용,,,false,0
FC002489,01,마산창동예술소극장,,,false,0
FC002490,01,문경새재,야외공연장,,false,0
FC002491,01,문희정아트홀,,,false,0
FC002492,01,미추홀아트센터,,,false,0
FC002493,01,민족굿터 신명천지,,,false,0
FC002494,01,배방읍행정복합시설,다목적공연장,,false,0
FC002495,01,벅수골소극장,,,false,0
FC002496,01,복합문화공간 CT 홀 [상주],,,false,0
FC002497,01,봉평달빛극장,,,false,0
FC002498,01,봉화군민회관,,,false,0
FC002500,01,사람세상 소극장,,,false,0
FC002501,01,삼청로 146,,,false,0
FC002502,01,상설무대 우리소리소극장,,,false,0
FC002503,01,서울글로벌문화체험센터,해치홀,,false,0
FC002504,01,서편제보성소리전수관,,,false,0
FC002505,01,세리월드,앵무새 공연장,,false,0
FC002506,01,세이브존 [울산],아트홀,,false,0
FC002507,01,소극장 마당 [안양],,,false,0
FC002508,01,소극장 보다,,,false,0
FC002509,01,소극장 푸른가시,,,false,0
FC002510,01,송파구민회관,대강당,,false,0
FC002511,01,수유문화공간 옐로우바스켓,,,false,0
FC002512,01,시흥시청소년수련관,한울림관,,false,0
FC002513,01,아라떼 소극장,,,false,0
FC002514,01,아리랑센터,아리랑홀,,false,0
FC002516,01,아시아공원,원형극장,,false,0
FC002517,01,아트홀 가얏고을,화남홀,,false,0
FC002518,01,아트홀-G,,,false,0
FC002519,01,안성문예회관,,,false,0
FC002520,01,엑스스페이스,,,false,0
FC002521,01,여수미남크루즈,,,false,0
FC002522,01,영암군민회관,,,false,0
FC002523,01,예술공간 라푸푸,,,false,0
FC002524,01,예술인사랑방,,,false,0
FC002525,01,완도군민회관,,,false,0
FC002526,01,완주문화예술회관,대극장,,false,0
FC002527,01,용설아트스페이스,,,false,0
FC002528,01,우륵당,,,false,0
FC002529,01,우리열린극장,,,false,0
FC002530,01,울림문화공간,,,false,0
FC002531,01,의정부청소년수련관,한울관,,false,0
FC002532,01,이랑씨어터,,,false,0
FC002534,01,임실군민회관,체육관,,false,0
FC002535,01,작은무대,,,false,0
FC002536,01,제일라아트홀,,,false,0
FC002537,01,제주시민회관,,,false,0
FC002538,01,제천문화원,,,false,0
FC002539,01,증인아트홀,,,false,0
FC002540,01,진보문화체육센터,,,false,0
FC002541,01,진안문예체육회관,경기장,,false,0
FC002542,01,진안문화의집,다목적공연장,,false,0
FC002543,01,창작공간 기차,,,false,0
FC002544,01,칠곡군민회관,,,false,0
FC002545,01,터 컴퍼니,,,false,0
FC002546,01,토마토소극장,,,false,0
FC002547,01,퍼시픽랜드,마린스테이지,,false,0
FC002548,01,피에로소극장,,,false,0
FC002549,01,하남 단막극장,,,false,0
FC002551,01,한국과학기술원,대강당,,false,0
FC002552,01,한국교통대학교,청아홀,,false,0
FC002553,01,한국즉흥극장,,,false,0
FC002554,01,한내소극장,,,false,0
FC002555,01,한마음회관,파랑새홀,,false,0
FC002556,01,한밭도서관,강당,,false,0
FC002557,01,한화리조트 [양평],야외공연장,,false,0
FC002558,01,현대호텔 [목포],,,false,0
FC002560,01,홍성문화원,공연장,,false,0
FC002561,01,홍익대학교 [세종],홍익아트홀 실험극장,,false,0
FC002562,01,홍천문화센터,공연장,,false,0
FC002563,01,화순군민회관,,,false,0
FC002564,01,가톨릭대학교,모니카홀,,false,0
FC002564,02,가톨릭대학교,콘서트홀,,false,0
FC002565,01,곡성군민회관,열린마당,,false,0
FC002565,02,곡성군민회관,참여마당,,false,0
FC002566,01,광주시민회관,소공연장,,false,0
FC002566,02,광주시민회관,야외공연장,,false,0
FC002567,01,구례군 문화예술회관,공연장,,false,0
FC002567,02,구례군 문화예술회관,야외공연장,,false,0
FC002568,01,김해가야테마파크 철광산공연장,,,false,0
FC002568,02,김해가야테마파크 철광산공연장,수로,,false,0
FC002568,03,김해가야테마파크 철광산공연장,왕궁,,false,0
FC002569,01,대구여성회관,레이디홀,,false,0
FC002569,02,대구여성회관,시네토리움,,false,0
FC002570,01,문화공간 예술텃밭,바깥극장,,false,0
FC002570,02,문화공간 예술텃밭,텃밭극장,,false,0
FC002571,01,백석대학교,백석홀,,false,0
FC002571,02,백석대학교,소강당,,false,0
FC002572,01,수원대학교 벨칸토아트센터,대극장,,false,0
FC002572,02,수원대학교 벨칸토아트센터,소극장,,false,0
FC002573,01,자계예술촌,소극장,,false,0
FC002573,02,자계예술촌,야외무대,,false,0
FC002574,01,천안박물관,천안박물관 공연장,,false,0
FC002574,02,천안박물관,흥타령관 공연장,,false,0
FC002575,01,프란치스코 교육회관,1층 성당,,false,0
FC002575,02,프란치스코 교육회관,체칠리아홀,,false,0
FC002576,01,한양대학교 [안산],컨퍼런스홀,,false,0
FC002576,02,한양대학교 [안산],학생회관소극장,,false,0
FC002579,01,연희정원,,,false,0
FC002582,01,롯데백화점 [광복],문화홀,,false,0
FC002583,01,복합문화공간 미인도,,,false,0
FC002584,01,현대백화점 문화홀 [천호],,,false,0
FC002585,01,국제아트홀,,,false,0
FC002588,01,씨어터 쿰,,,false,0
FC002591,01,제주 아리랑,,,false,0
FC002594,01,라인아트홀,,,false,0
FC002595,01,원주종합체육관,,,false,0
FC002597,01,부산항국제전시컨벤션센터,,,false,0
FC002600,01,마포구청,대강당,,false,0
FC002601,01,시립마포청소년센터,열린공연나루,,false,0
FC002602,01,광주염주실내체육관,,,false,0
FC002603,01,문화놀이터 민트고래,,,false,0
FC002604,01,강서체육공원,하키경기장,,false,0
FC002605,01,공간아트홀,,,false,0
FC002606,01,동아대학교 부민캠퍼스,다우홀,,false,0
FC002607,01,대전 대덕구 청소년수련관,,,false,0
FC002608,01,대전무역전시관,,,false,0
FC002610,01,대학로 웃찾사 전용관,,,false,0
FC002611,01,서울대학교,대운동장,,false,0
FC002612,01,여의도 한강공원,,,false,0
FC002616,01,부산사직실내체육관,,,false,0
FC002626,01,서울주문화센터,다목적실,,false,0
FC002626,02,서울주문화센터,대공연장,,false,0
FC002630,01,충동소극장,,,false,0
FC002632,01,아르코예술극장,대극장,,false,0
FC002632,02,아르코예술극장,소극장,,false,0
FC002632,03,아르코예술극장,스튜디오 다락,,false,0
FC002633,01,대학로예술극장,대극장,,false,0
FC002633,02,대학로예술극장,소극장,,false,0
FC002633,03,대학로예술극장,스튜디오 하늘,,false,0
FC002634,01,예술가의 집,,,false,0
FC002635,01,클라우드그라운드,클라우드홀,,false,0
FC002638,01,클럽레드존캠핑장,,,false,0
FC002642,01,별별극장,,,false,0
FC002646,01,드림팩토리,소극장,,false,0
FC002648,01,소극장 마술여행,,,false,0
FC002650,01,성음아트센터,하모니홀,,false,0
FC002650,02,성음아트센터,오픈플럭스,,false,0
FC002650,03,성음아트센터,무지카홀,,false,0
FC002651,01,1M SPACE,,,false,0
FC002652,01,동부창고,34동 다목적홀,,false,0
FC002652,02,동부창고,36동 빛내림홀,,false,0
FC002652,03,동부창고,6동 이벤트홀,,false,0
FC002652,04,동부창고,8동 카페C,,false,0
FC002652,05,동부창고,야외광장,,false,0
FC002658,01,십대의벗 교육관,그레이스홀,,false,0
FC002663,01,NCD 홀,,,false,0
FC002667,01,드림나무극장,,,false,0
FC002671,01,안숙선 명창의 여정,,,false,0
FC002672,02,코스모 40,,,false,0
FC002674,01,공간소극장,,,false,0
FC002676,01,세종호수공원,수상무대섬,,false,0
FC002676,02,세종호수공원,축제섬,,false,0
FC002677,01,소극장 플랫폼 74,,,false,0
FC002678,01,더 그란데 파티 앤 뮤직 스튜디오,,,false,0
FC002679,01,청주대학교,종합운동장,,false,0
FC002680,01,원주 종합운동장,,,false,0
FC002681,01,리우 쌀드꽁세흐,,,false,0
FC002682,01,복합한옥공간 곳,,,false,0
FC002683,01,앙상블리안,앙상블홀,,false,0
FC002684,01,김화생활체육공원,,,false,0
FC002686,01,홀로키즈파크 롤리팝,,,false,0
FC002687,01,한국선비문화수련원,,,false,0
FC002688,01,공간홍연,,,false,0
FC002689,01,원통생활체육공원,,,false,0
FC002690,01,구세군아트홀,,,false,0
FC002692,01,예천 삼강문화단지,,,false,0
FC002693,01,G 스페이스홀,,,false,0
FC002696,01,화진포해수욕장,야외 특설무대,,false,0
FC002698,01,광교레이크아트홀,,,false,0
FC002699,01,전주대학교,예술관 리사이틀홀,,false,0
FC002699,02,전주대학교,희망홀,,false,0
FC002699,03,전주대학교,SuperStar 홀,,false,0
FC002699,04,전주대학교,JJ 아트홀,,false,0